"AgeGroup","slice","hour","ref_weight","occ_endpoint","m_endpoint","keep_thr01","keep_thr02","keep_thr05","keep_thr10","keep_thr20"
"10-17",1,0,5.23882418726291e-85,6.27153441835999e-120,4.42685346538519,FALSE,FALSE,FALSE,FALSE,FALSE
"10-17",2,0.25,6.85401514324488e-77,4.67249721543975e-110,4.42685346538519,FALSE,FALSE,FALSE,FALSE,FALSE
"10-17",3,0.5,3.22976303845574e-69,1.25382997333081e-100,4.42685346538518,FALSE,FALSE,FALSE,FALSE,FALSE
"10-17",4,0.75,5.48164166808919e-62,1.21183251037395e-91,4.42685346538519,FALSE,FALSE,FALSE,FALSE,FALSE
"10-17",5,1,3.35092766945746e-55,4.21852771568799e-83,4.42685346538518,FALSE,FALSE,FALSE,FALSE,FALSE
"10-17",6,1.25,7.37792135926554e-49,5.28924362163744e-75,4.42685346538519,FALSE,FALSE,FALSE,FALSE,FALSE
"10-17",7,1.5,5.85083566660043e-43,2.38858441913404e-67,4.42685346538519,FALSE,FALSE,FALSE,FALSE,FALSE
"10-17",8,1.75,1.67115856237163e-37,3.88509807984077e-60,4.42685346538519,FALSE,FALSE,FALSE,FALSE,FALSE
"10-17",9,2,1.71923783661022e-32,2.27602888673079e-53,4.4268534653852,FALSE,FALSE,FALSE,FALSE,FALSE
"10-17",10,2.25,6.37059686587314e-28,4.80250698067965e-47,4.42685346538527,FALSE,FALSE,FALSE,FALSE,FALSE
"10-17",11,2.5,8.50296217891518e-24,3.64983189912845e-41,4.42685346538582,FALSE,FALSE,FALSE,FALSE,FALSE
"10-17",12,2.75,4.08847673814228e-20,9.99062850606865e-36,4.42685346538994,FALSE,FALSE,FALSE,FALSE,FALSE
"10-17",13,3,7.08443958277531e-17,9.84983900995546e-31,4.42685346542103,FALSE,FALSE,FALSE,FALSE,FALSE
"10-17",14,3.25,4.42810163848639e-14,3.49772253833254e-26,4.42685346565566,FALSE,FALSE,FALSE,FALSE,FALSE
"10-17",15,3.5,1.00099699930735e-11,4.47374441925737e-22,4.42685346742637,FALSE,FALSE,FALSE,FALSE,FALSE
"10-17",16,3.75,8.24182061627534e-10,2.06116705571895e-18,4.42685348079147,FALSE,FALSE,FALSE,FALSE,FALSE
"10-17",17,4,2.5182465636323e-08,3.42124790203794e-15,4.42685358170677,FALSE,FALSE,FALSE,FALSE,FALSE
"10-17",18,4.25,2.99051284766697e-07,2.04685035386869e-12,4.42685434445479,FALSE,FALSE,FALSE,FALSE,FALSE
"10-17",19,4.5,1.52449086871358e-06,4.4194644752718e-10,4.42686012538515,FALSE,FALSE,FALSE,FALSE,FALSE
"10-17",20,4.75,3.95894120607906e-06,3.45582045832167e-08,4.4269042605428,FALSE,FALSE,FALSE,FALSE,FALSE
"10-17",21,5,6.9577259295142e-06,9.88087854783816e-07,4.4272474460538,FALSE,FALSE,FALSE,FALSE,FALSE
"10-17",22,5.25,1.33410987256395e-05,1.0605707018317e-05,4.43002250922275,FALSE,FALSE,FALSE,FALSE,FALSE
"10-17",23,5.5,3.05131588460367e-05,4.59206317019043e-05,4.45359420550087,FALSE,FALSE,FALSE,FALSE,FALSE
"10-17",24,5.75,5.8386330770839e-05,9.67668194895605e-05,4.64125766679725,FALSE,FALSE,FALSE,FALSE,FALSE
"10-17",25,6,9.28052141898323e-05,0.00014572721704796,5.56614365356497,FALSE,FALSE,FALSE,FALSE,FALSE
"10-17",26,6.25,0.000144938536723898,0.000220479097912269,7.24550173235505,FALSE,FALSE,FALSE,FALSE,FALSE
"10-17",27,6.5,0.000237649274095898,0.000321842038549608,8.06027482027875,TRUE,FALSE,FALSE,FALSE,FALSE
"10-17",28,6.75,0.000420694723404035,0.000472230016197101,7.33117866091421,TRUE,FALSE,FALSE,FALSE,FALSE
"10-17",29,7,0.00087527011980369,0.000920483725643189,5.93864455776511,TRUE,TRUE,FALSE,FALSE,FALSE
"10-17",30,7.25,0.00228982658337044,0.00243036401950108,5.05319622211788,TRUE,TRUE,TRUE,FALSE,FALSE
"10-17",31,7.5,0.00624017202541669,0.00651777300516767,4.62547380321609,TRUE,TRUE,TRUE,TRUE,TRUE
"10-17",32,7.75,0.0133498298901358,0.013634747852049,4.47235091473197,TRUE,TRUE,TRUE,TRUE,TRUE
"10-17",33,8,0.0205710851709863,0.0206864924224683,4.46831145968431,TRUE,TRUE,TRUE,TRUE,TRUE
"10-17",34,8.25,0.0246915086770428,0.0246384076080341,4.5313782832533,TRUE,TRUE,TRUE,TRUE,TRUE
"10-17",35,8.5,0.0262983726929426,0.0261667856931652,4.60072564625977,TRUE,TRUE,TRUE,TRUE,TRUE
"10-17",36,8.75,0.0269898994100438,0.026837458831384,4.64636842664029,TRUE,TRUE,TRUE,TRUE,TRUE
"10-17",37,9,0.0273977881170824,0.0272967939673305,4.68345214826826,TRUE,TRUE,TRUE,TRUE,TRUE
"10-17",38,9.25,0.02768383130251,0.0276548857678055,4.7311338813046,TRUE,TRUE,TRUE,TRUE,TRUE
"10-17",39,9.5,0.0279457667787192,0.0279613430788336,4.78368845254648,TRUE,TRUE,TRUE,TRUE,TRUE
"10-17",40,9.75,0.0282020867171792,0.0282500117831704,4.82881318148405,TRUE,TRUE,TRUE,TRUE,TRUE
"10-17",41,10,0.0284055736144802,0.0284580830220922,4.8622726367132,TRUE,TRUE,TRUE,TRUE,TRUE
"10-17",42,10.25,0.02853050576883,0.0285747388750158,4.88029952612009,TRUE,TRUE,TRUE,TRUE,TRUE
"10-17",43,10.5,0.0286004833943443,0.0286551589859972,4.89142782402433,TRUE,TRUE,TRUE,TRUE,TRUE
"10-17",44,10.75,0.0286568554653305,0.0287373179230327,4.90313176136373,TRUE,TRUE,TRUE,TRUE,TRUE
"10-17",45,11,0.0287147402114125,0.0288378857675367,4.91565026860541,TRUE,TRUE,TRUE,TRUE,TRUE
"10-17",46,11.25,0.0287380803038304,0.0289088971580764,4.92557202936707,TRUE,TRUE,TRUE,TRUE,TRUE
"10-17",47,11.5,0.0286862651033536,0.0289015929126001,4.93020253766712,TRUE,TRUE,TRUE,TRUE,TRUE
"10-17",48,11.75,0.0285852619455079,0.0288718761956534,4.93852463894476,TRUE,TRUE,TRUE,TRUE,TRUE
"10-17",49,12,0.0284669290889656,0.0288674213370757,4.95916744440288,TRUE,TRUE,TRUE,TRUE,TRUE
"10-17",50,12.25,0.0283336540723589,0.0288690978221011,4.97485356804648,TRUE,TRUE,TRUE,TRUE,TRUE
"10-17",51,12.5,0.0281322929120354,0.0288223546613934,4.97659839998549,TRUE,TRUE,TRUE,TRUE,TRUE
"10-17",52,12.75,0.0277405867467073,0.0286314541098177,4.98041476021124,TRUE,TRUE,TRUE,TRUE,TRUE
"10-17",53,13,0.0270959411615538,0.0282146001655123,5.01413703742106,TRUE,TRUE,TRUE,TRUE,TRUE
"10-17",54,13.25,0.0262713147818776,0.0276208236173925,5.08540374795243,TRUE,TRUE,TRUE,TRUE,TRUE
"10-17",55,13.5,0.0252051414129428,0.0267385790614561,5.1806828376106,TRUE,TRUE,TRUE,TRUE,TRUE
"10-17",56,13.75,0.0237153345748761,0.025174307490684,5.33156892533361,TRUE,TRUE,TRUE,TRUE,TRUE
"10-17",57,14,0.0217872922465004,0.0227592644116727,5.60138642887478,TRUE,TRUE,TRUE,TRUE,TRUE
"10-17",58,14.25,0.0197860265246308,0.020153316444314,5.91719766357297,TRUE,TRUE,TRUE,TRUE,TRUE
"10-17",59,14.5,0.017958172758685,0.0178828115050505,6.16557333898958,TRUE,TRUE,TRUE,TRUE,TRUE
"10-17",60,14.75,0.0162085152662971,0.0159050928492945,6.3467262058839,TRUE,TRUE,TRUE,TRUE,TRUE
"10-17",61,15,0.0144343314378372,0.0141189132601639,6.48692937474826,TRUE,TRUE,TRUE,TRUE,TRUE
"10-17",62,15.25,0.0128242931582256,0.0125688123047401,6.61812858113366,TRUE,TRUE,TRUE,TRUE,TRUE
"10-17",63,15.5,0.0116434590285131,0.0113112305654739,6.73605443181573,TRUE,TRUE,TRUE,TRUE,TRUE
"10-17",64,15.75,0.0108664743703094,0.0103513421713498,6.82823797325748,TRUE,TRUE,TRUE,TRUE,TRUE
"10-17",65,16,0.0103599888045389,0.00970511243991327,6.90544961693215,TRUE,TRUE,TRUE,TRUE,TRUE
"10-17",66,16.25,0.0100616497536968,0.00931165821660743,6.99763788105918,TRUE,TRUE,TRUE,TRUE,TRUE
"10-17",67,16.5,0.00997963308869714,0.00919576908658291,7.03916365871245,TRUE,TRUE,TRUE,TRUE,TRUE
"10-17",68,16.75,0.010068441864236,0.00936956568412231,7.05371901794186,TRUE,TRUE,TRUE,TRUE,TRUE
"10-17",69,17,0.0101492868847389,0.00964824388410887,7.12126619113801,TRUE,TRUE,TRUE,TRUE,TRUE
"10-17",70,17.25,0.0100643831929676,0.00976264271317311,7.28479999972037,TRUE,TRUE,TRUE,TRUE,TRUE
"10-17",71,17.5,0.00985958253569565,0.00966688258547195,7.50726735620283,TRUE,TRUE,TRUE,TRUE,TRUE
"10-17",72,17.75,0.00963770912074067,0.00953372053901197,7.71561945030134,TRUE,TRUE,TRUE,TRUE,TRUE
"10-17",73,18,0.00934562874292275,0.00939993011713935,7.93426778567453,TRUE,TRUE,TRUE,TRUE,TRUE
"10-17",74,18.25,0.00900723248438959,0.00916812216689361,8.20166310297564,TRUE,TRUE,TRUE,TRUE,TRUE
"10-17",75,18.5,0.00873607729299317,0.00892900776439507,8.43620893560777,TRUE,TRUE,TRUE,TRUE,TRUE
"10-17",76,18.75,0.00850891208425996,0.00866762969258075,8.5925874283472,TRUE,TRUE,TRUE,TRUE,TRUE
"10-17",77,19,0.00819452540314811,0.00819531975088092,8.78380858920955,TRUE,TRUE,TRUE,TRUE,TRUE
"10-17",78,19.25,0.00775668884717977,0.00755525934736061,9.06737566095373,TRUE,TRUE,TRUE,TRUE,TRUE
"10-17",79,19.5,0.0072702198389466,0.00688482570617747,9.40376836044498,TRUE,TRUE,TRUE,TRUE,TRUE
"10-17",80,19.75,0.00677635783369932,0.00625950542654285,9.67443345120708,TRUE,TRUE,TRUE,TRUE,TRUE
"10-17",81,20,0.00624390827535935,0.00571108991730312,9.8470839881426,TRUE,TRUE,TRUE,TRUE,FALSE
"10-17",82,20.25,0.00568869023901367,0.00522902773632902,10.0696816775117,TRUE,TRUE,TRUE,TRUE,FALSE
"10-17",83,20.5,0.00515840179121648,0.00476161605672251,10.4914375666472,TRUE,TRUE,TRUE,TRUE,FALSE
"10-17",84,20.75,0.00466447465325717,0.00429049215860339,11.1275398645715,TRUE,TRUE,TRUE,TRUE,FALSE
"10-17",85,21,0.00416788194830897,0.00380506888259322,11.8418876080913,TRUE,TRUE,TRUE,TRUE,FALSE
"10-17",86,21.25,0.00370936246837492,0.0033546472650119,12.4166249915924,TRUE,TRUE,TRUE,TRUE,FALSE
"10-17",87,21.5,0.00333694270847439,0.00297769827903406,12.7932332693956,TRUE,TRUE,TRUE,TRUE,FALSE
"10-17",88,21.75,0.00302154292772449,0.0026755291208125,13.0337356656681,TRUE,TRUE,TRUE,FALSE,FALSE
"10-17",89,22,0.00272688201444009,0.00242626679798872,13.3262939491725,TRUE,TRUE,TRUE,FALSE,FALSE
"10-17",90,22.25,0.00247285760071959,0.0021944817954883,13.6737538344196,TRUE,TRUE,TRUE,FALSE,FALSE
"10-17",91,22.5,0.00228163729083275,0.0020123481798699,13.9735160210861,TRUE,TRUE,TRUE,FALSE,FALSE
"10-17",92,22.75,0.00213773728010241,0.00190300359055024,14.1465788136951,TRUE,TRUE,TRUE,FALSE,FALSE
"10-17",93,23,0.00200742143543148,0.00181611183295224,14.4060606411007,TRUE,TRUE,TRUE,FALSE,FALSE
"10-17",94,23.25,0.00181070850703355,0.0016454607563475,14.8645242440532,TRUE,TRUE,TRUE,FALSE,FALSE
"10-17",95,23.5,0.0013091234474634,0.0011930583304635,15.1747604328538,TRUE,TRUE,FALSE,FALSE,FALSE
"10-17",96,23.75,0.000552052242010827,0.000505789188945167,15.2680538544168,TRUE,FALSE,FALSE,FALSE,FALSE
"18-30",1,0,5.88995532799529e-43,1.28206350720805e-48,4.20363800338962,FALSE,FALSE,FALSE,FALSE,FALSE
"18-30",2,0.25,1.79320295688393e-37,1.07223907171487e-42,4.20363617671379,FALSE,FALSE,FALSE,FALSE,FALSE
"18-30",3,0.5,1.96636957567909e-32,3.22990389534809e-37,4.20363115878374,FALSE,FALSE,FALSE,FALSE,FALSE
"18-30",4,0.75,7.76651011470553e-28,3.50433906773451e-32,4.20361737454836,FALSE,FALSE,FALSE,FALSE,FALSE
"18-30",5,1,1.10491904039905e-23,1.36945736085468e-27,4.20357951051147,FALSE,FALSE,FALSE,FALSE,FALSE
"18-30",6,1.25,5.66278646167673e-20,1.92768871842634e-23,4.20347551056423,FALSE,FALSE,FALSE,FALSE,FALSE
"18-30",7,1.5,1.04584249632811e-16,9.77522039580467e-20,4.20318992591111,FALSE,FALSE,FALSE,FALSE,FALSE
"18-30",8,1.75,6.9666900635983e-14,1.78636083629789e-16,4.20240622609848,FALSE,FALSE,FALSE,FALSE,FALSE
"18-30",9,2,1.67793443222389e-11,1.17755403321922e-13,4.20025949723683,FALSE,FALSE,FALSE,FALSE,FALSE
"18-30",10,2.25,1.47105128874708e-09,2.80736546705282e-11,4.19440828070074,FALSE,FALSE,FALSE,FALSE,FALSE
"18-30",11,2.5,4.78117934108669e-08,2.4378527015855e-09,4.17867498328337,FALSE,FALSE,FALSE,FALSE,FALSE
"18-30",12,2.75,6.0504785386734e-07,7.85749781093451e-08,4.13789571808978,FALSE,FALSE,FALSE,FALSE,FALSE
"18-30",13,3,3.37010470993728e-06,9.85398071235846e-07,4.04201114048123,FALSE,FALSE,FALSE,FALSE,FALSE
"18-30",14,3.25,1.0507431682711e-05,5.33245951430194e-06,3.86699241189456,FALSE,FALSE,FALSE,FALSE,FALSE
"18-30",15,3.5,2.35026796619278e-05,1.48799121466688e-05,3.7238984133419,FALSE,FALSE,FALSE,FALSE,FALSE
"18-30",16,3.75,4.06550289131103e-05,2.71388948633246e-05,4.05560285713696,FALSE,FALSE,FALSE,FALSE,FALSE
"18-30",17,4,5.82252141957355e-05,4.3037931833913e-05,5.22376141479728,FALSE,FALSE,FALSE,FALSE,FALSE
"18-30",18,4.25,7.97832535222358e-05,7.25539316611593e-05,6.45677510618609,FALSE,FALSE,FALSE,FALSE,FALSE
"18-30",19,4.5,0.000113371828484863,0.000123728414763427,8.00390730285972,FALSE,FALSE,FALSE,FALSE,FALSE
"18-30",20,4.75,0.000163036130524029,0.000199920568848773,10.7716607906666,FALSE,FALSE,FALSE,FALSE,FALSE
"18-30",21,5,0.000230470073176203,0.000304598538244712,12.5526894775524,TRUE,FALSE,FALSE,FALSE,FALSE
"18-30",22,5.25,0.000331288388407341,0.00044585788042542,12.8317864501032,TRUE,FALSE,FALSE,FALSE,FALSE
"18-30",23,5.5,0.000505959818089233,0.000676056465570094,13.2037068358381,TRUE,TRUE,FALSE,FALSE,FALSE
"18-30",24,5.75,0.000788347948846524,0.00105277426266985,13.55284234286,TRUE,TRUE,FALSE,FALSE,FALSE
"18-30",25,6,0.0011627941067289,0.0015176794759114,13.7584505028488,TRUE,TRUE,TRUE,FALSE,FALSE
"18-30",26,6.25,0.00165786559727855,0.00204844829476296,13.9913181112299,TRUE,TRUE,TRUE,FALSE,FALSE
"18-30",27,6.5,0.00242844783221223,0.00281770826075937,14.1216485484714,TRUE,TRUE,TRUE,TRUE,FALSE
"18-30",28,6.75,0.00354073208955983,0.00392776826971807,14.1664745034937,TRUE,TRUE,TRUE,TRUE,FALSE
"18-30",29,7,0.00481789657935513,0.00525246617327402,14.1024919381101,TRUE,TRUE,TRUE,TRUE,TRUE
"18-30",30,7.25,0.00623059264175705,0.00675486633713711,13.9659455865417,TRUE,TRUE,TRUE,TRUE,TRUE
"18-30",31,7.5,0.00816899192583684,0.00878211312438289,13.7672956492583,TRUE,TRUE,TRUE,TRUE,TRUE
"18-30",32,7.75,0.010899387350841,0.0116337012952983,13.3637562336304,TRUE,TRUE,TRUE,TRUE,TRUE
"18-30",33,8,0.0138264254844925,0.0146967064347165,12.9170961020343,TRUE,TRUE,TRUE,TRUE,TRUE
"18-30",34,8.25,0.0160804388380156,0.0170134176283489,12.6230148303081,TRUE,TRUE,TRUE,TRUE,TRUE
"18-30",35,8.5,0.0176496791473112,0.018583072979657,12.5091040763476,TRUE,TRUE,TRUE,TRUE,TRUE
"18-30",36,8.75,0.0189328837113416,0.0198393432360043,12.4706523022491,TRUE,TRUE,TRUE,TRUE,TRUE
"18-30",37,9,0.0200326634632697,0.0208884867311814,12.4364743202407,TRUE,TRUE,TRUE,TRUE,TRUE
"18-30",38,9.25,0.020888708838882,0.0217037486801505,12.4260958810424,TRUE,TRUE,TRUE,TRUE,TRUE
"18-30",39,9.5,0.021577296368129,0.0223663832532821,12.4213710295669,TRUE,TRUE,TRUE,TRUE,TRUE
"18-30",40,9.75,0.0222029259721325,0.0229514009788601,12.3720756010187,TRUE,TRUE,TRUE,TRUE,TRUE
"18-30",41,10,0.0228043711112149,0.023514335454852,12.2655860124555,TRUE,TRUE,TRUE,TRUE,TRUE
"18-30",42,10.25,0.0232991696313964,0.023994032674339,12.1753434039674,TRUE,TRUE,TRUE,TRUE,TRUE
"18-30",43,10.5,0.0235999725646625,0.024306658565844,12.1545459588502,TRUE,TRUE,TRUE,TRUE,TRUE
"18-30",44,10.75,0.0237895025248895,0.0245319891180487,12.1445696303244,TRUE,TRUE,TRUE,TRUE,TRUE
"18-30",45,11,0.0239727286198514,0.0247724255327309,12.1014349574003,TRUE,TRUE,TRUE,TRUE,TRUE
"18-30",46,11.25,0.0241179502354699,0.0249170831746242,12.0545360464454,TRUE,TRUE,TRUE,TRUE,TRUE
"18-30",47,11.5,0.0241744931153395,0.024875938093331,12.0568334886802,TRUE,TRUE,TRUE,TRUE,TRUE
"18-30",48,11.75,0.0242013160250673,0.0248056540113072,12.080882523725,TRUE,TRUE,TRUE,TRUE,TRUE
"18-30",49,12,0.0242360771976412,0.0247961248836524,12.0929099432503,TRUE,TRUE,TRUE,TRUE,TRUE
"18-30",50,12.25,0.0242047611859991,0.0247222147454415,12.1352436940108,TRUE,TRUE,TRUE,TRUE,TRUE
"18-30",51,12.5,0.024080220792845,0.0245249980227774,12.2015307133591,TRUE,TRUE,TRUE,TRUE,TRUE
"18-30",52,12.75,0.0239291407835534,0.0243298890824603,12.222023329827,TRUE,TRUE,TRUE,TRUE,TRUE
"18-30",53,13,0.0237750904813081,0.0242071985964937,12.1875158421626,TRUE,TRUE,TRUE,TRUE,TRUE
"18-30",54,13.25,0.0235736426840864,0.0240485410862935,12.1524225623503,TRUE,TRUE,TRUE,TRUE,TRUE
"18-30",55,13.5,0.0233065913218846,0.0237623998429771,12.1628347694352,TRUE,TRUE,TRUE,TRUE,TRUE
"18-30",56,13.75,0.0230137493294044,0.0233919836273099,12.2176934035767,TRUE,TRUE,TRUE,TRUE,TRUE
"18-30",57,14,0.022656537430234,0.0228993728779668,12.2902882200994,TRUE,TRUE,TRUE,TRUE,TRUE
"18-30",58,14.25,0.0221439658456491,0.0221731834581891,12.3743759567978,TRUE,TRUE,TRUE,TRUE,TRUE
"18-30",59,14.5,0.0215220382908298,0.0213280544175168,12.4463093687987,TRUE,TRUE,TRUE,TRUE,TRUE
"18-30",60,14.75,0.0208796899930901,0.0205428611049634,12.4918711772597,TRUE,TRUE,TRUE,TRUE,TRUE
"18-30",61,15,0.0201567391481578,0.0197599046239455,12.5387177230738,TRUE,TRUE,TRUE,TRUE,TRUE
"18-30",62,15.25,0.019221735779983,0.0188052320236052,12.5853571793073,TRUE,TRUE,TRUE,TRUE,TRUE
"18-30",63,15.5,0.0181316042834904,0.0177117996342127,12.53189524516,TRUE,TRUE,TRUE,TRUE,TRUE
"18-30",64,15.75,0.0169936868714071,0.0166246216991359,12.3481819495696,TRUE,TRUE,TRUE,TRUE,TRUE
"18-30",65,16,0.0158149571378324,0.0155524324730863,12.1572329212947,TRUE,TRUE,TRUE,TRUE,TRUE
"18-30",66,16.25,0.0146209496120416,0.0144104010740285,11.9544759507573,TRUE,TRUE,TRUE,TRUE,TRUE
"18-30",67,16.5,0.0135459618152916,0.0132966496132683,11.6760727280719,TRUE,TRUE,TRUE,TRUE,TRUE
"18-30",68,16.75,0.0127312397196634,0.0124498191188597,11.3359266217576,TRUE,TRUE,TRUE,TRUE,TRUE
"18-30",69,17,0.0121466557046003,0.0118438644536285,11.0349070862489,TRUE,TRUE,TRUE,TRUE,TRUE
"18-30",70,17.25,0.0115921577489039,0.011204985329647,10.8673238408695,TRUE,TRUE,TRUE,TRUE,TRUE
"18-30",71,17.5,0.011049112847221,0.0105888623810958,10.700283298806,TRUE,TRUE,TRUE,TRUE,TRUE
"18-30",72,17.75,0.0106508454461432,0.0101820130762915,10.5203851754205,TRUE,TRUE,TRUE,TRUE,TRUE
"18-30",73,18,0.0103803686462908,0.00989367367581026,10.4577145508617,TRUE,TRUE,TRUE,TRUE,TRUE
"18-30",74,18.25,0.0101194098651755,0.00956047939616665,10.4997377301634,TRUE,TRUE,TRUE,TRUE,TRUE
"18-30",75,18.5,0.00987283850002081,0.00926186569821152,10.5298055290204,TRUE,TRUE,TRUE,TRUE,TRUE
"18-30",76,18.75,0.00973108401241721,0.00912572976553856,10.4711392796368,TRUE,TRUE,TRUE,TRUE,TRUE
"18-30",77,19,0.00965338775015643,0.00906708052497996,10.3495009841869,TRUE,TRUE,TRUE,TRUE,TRUE
"18-30",78,19.25,0.0095046862963824,0.00889567457980999,10.24595925939,TRUE,TRUE,TRUE,TRUE,TRUE
"18-30",79,19.5,0.00929144858043653,0.00855091641421858,10.129476756891,TRUE,TRUE,TRUE,TRUE,TRUE
"18-30",80,19.75,0.0090532724705002,0.00815116305025491,10.0424154905216,TRUE,TRUE,TRUE,TRUE,TRUE
"18-30",81,20,0.0087610194073308,0.00780590705986644,10.0621954873323,TRUE,TRUE,TRUE,TRUE,TRUE
"18-30",82,20.25,0.00839693127575054,0.00746290089861819,10.0932939711563,TRUE,TRUE,TRUE,TRUE,TRUE
"18-30",83,20.5,0.00798375421631784,0.007036129504323,10.1268867191833,TRUE,TRUE,TRUE,TRUE,TRUE
"18-30",84,20.75,0.00754028908804467,0.00656914607061245,10.2100469240383,TRUE,TRUE,TRUE,TRUE,TRUE
"18-30",85,21,0.00706831955089579,0.00612116425395298,10.372244592255,TRUE,TRUE,TRUE,TRUE,TRUE
"18-30",86,21.25,0.00657400717841972,0.00566268850407088,10.6582524600346,TRUE,TRUE,TRUE,TRUE,TRUE
"18-30",87,21.5,0.00607899564085884,0.0052117976975266,10.9899129912683,TRUE,TRUE,TRUE,TRUE,TRUE
"18-30",88,21.75,0.00560438443368745,0.00480971631540177,11.2869807532282,TRUE,TRUE,TRUE,TRUE,FALSE
"18-30",89,22,0.00513632053363268,0.0044193510783419,11.589519622871,TRUE,TRUE,TRUE,TRUE,FALSE
"18-30",90,22.25,0.00469243298567825,0.0040342099148459,11.9518201930936,TRUE,TRUE,TRUE,TRUE,FALSE
"18-30",91,22.5,0.00429544210008039,0.00370563878112003,12.3982357891573,TRUE,TRUE,TRUE,TRUE,FALSE
"18-30",92,22.75,0.00394438133726018,0.00343550516549549,12.9584342793195,TRUE,TRUE,TRUE,TRUE,FALSE
"18-30",93,23,0.00360852909243203,0.00315460142835144,13.5066861721656,TRUE,TRUE,TRUE,TRUE,FALSE
"18-30",94,23.25,0.0031638800070499,0.00274446003774999,13.8401121514698,TRUE,TRUE,TRUE,TRUE,FALSE
"18-30",95,23.5,0.00223296620663366,0.0019125634047874,13.9766555002915,TRUE,TRUE,TRUE,FALSE,FALSE
"18-30",96,23.75,0.000928293350489834,0.000787856054941022,14.0289625298831,TRUE,TRUE,FALSE,FALSE,FALSE
"31-55",1,0,1.56323684822451e-42,1.24797366855876e-44,4.70336002927322,FALSE,FALSE,FALSE,FALSE,FALSE
"31-55",2,0.25,4.75928675958924e-37,3.80102174880505e-39,4.70758147607378,FALSE,FALSE,FALSE,FALSE,FALSE
"31-55",3,0.5,5.21887139234318e-32,4.17275843040623e-34,4.7191601875773,FALSE,FALSE,FALSE,FALSE,FALSE
"31-55",4,0.75,2.06126901206806e-27,1.65317758971163e-29,4.75083375027757,FALSE,FALSE,FALSE,FALSE,FALSE
"31-55",5,1,2.9324582623357e-23,2.3717644450829e-25,4.83684627893077,FALSE,FALSE,FALSE,FALSE,FALSE
"31-55",6,1.25,1.50283496626699e-19,1.24346887066813e-21,5.06586271640005,FALSE,FALSE,FALSE,FALSE,FALSE
"31-55",7,1.5,2.77518332345633e-16,2.43813636797249e-18,5.64495194230458,FALSE,FALSE,FALSE,FALSE,FALSE
"31-55",8,1.75,1.8479861889927e-13,1.88298271694722e-15,6.93624766341938,FALSE,FALSE,FALSE,FALSE,FALSE
"31-55",9,2,4.44657520241196e-11,6.24292374210774e-13,9.15386045688941,FALSE,FALSE,FALSE,FALSE,FALSE
"31-55",10,2.25,3.88789379337206e-09,9.55308712270076e-11,11.6750161523833,FALSE,FALSE,FALSE,FALSE,FALSE
"31-55",11,2.5,1.25425200923308e-07,6.66652057949471e-09,13.5020705330687,FALSE,FALSE,FALSE,FALSE,FALSE
"31-55",12,2.75,1.55440780835552e-06,2.00448190764247e-07,14.4808319176682,FALSE,FALSE,FALSE,FALSE,FALSE
"31-55",13,3,8.17905492728877e-06,2.58892563767763e-06,15.0173066914892,FALSE,FALSE,FALSE,FALSE,FALSE
"31-55",14,3.25,2.24839674984048e-05,1.56591471397801e-05,15.4563387889591,FALSE,FALSE,FALSE,FALSE,FALSE
"31-55",15,3.5,4.2912872014949e-05,5.09929834134813e-05,15.9354777936063,FALSE,FALSE,FALSE,FALSE,FALSE
"31-55",16,3.75,6.90418826080617e-05,0.000104540158130501,16.4385521662297,FALSE,FALSE,FALSE,FALSE,FALSE
"31-55",17,4,0.000101570045216208,0.000163392037349676,16.85833759451,FALSE,FALSE,FALSE,FALSE,FALSE
"31-55",18,4.25,0.000146320961455797,0.000229465231332954,17.12255412577,FALSE,FALSE,FALSE,FALSE,FALSE
"31-55",19,4.5,0.000215920224326884,0.000321646274556306,17.1293058203975,TRUE,FALSE,FALSE,FALSE,FALSE
"31-55",20,4.75,0.000318703500343323,0.000454711416735487,17.1136609576097,TRUE,FALSE,FALSE,FALSE,FALSE
"31-55",21,5,0.000457669652251363,0.000630928181947518,17.0906931754625,TRUE,TRUE,FALSE,FALSE,FALSE
"31-55",22,5.25,0.00065899186418756,0.00087246453654419,17.043731237725,TRUE,TRUE,FALSE,FALSE,FALSE
"31-55",23,5.5,0.000978419737368491,0.00122965870397554,16.7682553013438,TRUE,TRUE,FALSE,FALSE,FALSE
"31-55",24,5.75,0.00143591913687227,0.00171205934540017,16.1676379949387,TRUE,TRUE,TRUE,FALSE,FALSE
"31-55",25,6,0.00200237032471147,0.00227748827491387,15.657944408093,TRUE,TRUE,TRUE,FALSE,FALSE
"31-55",26,6.25,0.00274582456720824,0.00302207960984259,15.381495665555,TRUE,TRUE,TRUE,TRUE,FALSE
"31-55",27,6.5,0.00386007907770489,0.00413716090108917,15.261101606109,TRUE,TRUE,TRUE,TRUE,FALSE
"31-55",28,6.75,0.00541534293452692,0.0056613740874111,15.1538205985206,TRUE,TRUE,TRUE,TRUE,TRUE
"31-55",29,7,0.00720068524715204,0.00742939466933489,14.9648408738008,TRUE,TRUE,TRUE,TRUE,TRUE
"31-55",30,7.25,0.00920162538913801,0.00951763992137571,14.758972921035,TRUE,TRUE,TRUE,TRUE,TRUE
"31-55",31,7.5,0.0117844333966837,0.0123036383089041,14.5160034768944,TRUE,TRUE,TRUE,TRUE,TRUE
"31-55",32,7.75,0.0148984511437978,0.0156590707905436,14.1933667639833,TRUE,TRUE,TRUE,TRUE,TRUE
"31-55",33,8,0.0177513874806534,0.0186464385719334,14.0050737076993,TRUE,TRUE,TRUE,TRUE,TRUE
"31-55",34,8.25,0.0197675396658674,0.0206690686993817,14.0336860127325,TRUE,TRUE,TRUE,TRUE,TRUE
"31-55",35,8.5,0.0211786255412505,0.0220679649208433,14.1514426136175,TRUE,TRUE,TRUE,TRUE,TRUE
"31-55",36,8.75,0.0222887767239459,0.0231853394045535,14.2319807342039,TRUE,TRUE,TRUE,TRUE,TRUE
"31-55",37,9,0.0231436767917747,0.024011972051522,14.2689152473804,TRUE,TRUE,TRUE,TRUE,TRUE
"31-55",38,9.25,0.0237477651486902,0.0245503574612764,14.279851448354,TRUE,TRUE,TRUE,TRUE,TRUE
"31-55",39,9.5,0.0242042499367902,0.0249253157539363,14.2807711770447,TRUE,TRUE,TRUE,TRUE,TRUE
"31-55",40,9.75,0.0246114415935544,0.0252151429747083,14.2842096438787,TRUE,TRUE,TRUE,TRUE,TRUE
"31-55",41,10,0.0249898135034538,0.0254586161865703,14.2775802193591,TRUE,TRUE,TRUE,TRUE,TRUE
"31-55",42,10.25,0.0252857915247015,0.0256626120800933,14.269640025815,TRUE,TRUE,TRUE,TRUE,TRUE
"31-55",43,10.5,0.0254526373080372,0.0257694858537643,14.2918504392999,TRUE,TRUE,TRUE,TRUE,TRUE
"31-55",44,10.75,0.0255416555484136,0.0258069533173749,14.3279775652061,TRUE,TRUE,TRUE,TRUE,TRUE
"31-55",45,11,0.0256167096651982,0.025849586117275,14.3515584272862,TRUE,TRUE,TRUE,TRUE,TRUE
"31-55",46,11.25,0.0256533973348686,0.0258660455872038,14.366442069041,TRUE,TRUE,TRUE,TRUE,TRUE
"31-55",47,11.5,0.0256100018053263,0.025819842132609,14.3779589266177,TRUE,TRUE,TRUE,TRUE,TRUE
"31-55",48,11.75,0.0255205781883114,0.0257483486954507,14.3679950843827,TRUE,TRUE,TRUE,TRUE,TRUE
"31-55",49,12,0.0254204652421883,0.0256575118643286,14.3598311552773,TRUE,TRUE,TRUE,TRUE,TRUE
"31-55",50,12.25,0.0252923317004814,0.0255019890250806,14.3793278404015,TRUE,TRUE,TRUE,TRUE,TRUE
"31-55",51,12.5,0.0251283099862244,0.0252872584109801,14.4152738947946,TRUE,TRUE,TRUE,TRUE,TRUE
"31-55",52,12.75,0.0249671143905441,0.0251294127046339,14.4383160860162,TRUE,TRUE,TRUE,TRUE,TRUE
"31-55",53,13,0.0248188319847454,0.0250731455125849,14.4393241052057,TRUE,TRUE,TRUE,TRUE,TRUE
"31-55",54,13.25,0.0246457307686811,0.0249955823789853,14.449652889284,TRUE,TRUE,TRUE,TRUE,TRUE
"31-55",55,13.5,0.0244413834401814,0.0248172997676252,14.4762036545522,TRUE,TRUE,TRUE,TRUE,TRUE
"31-55",56,13.75,0.0242137383834374,0.024567317574247,14.487577076723,TRUE,TRUE,TRUE,TRUE,TRUE
"31-55",57,14,0.023914388241871,0.0242155569053139,14.4796212118103,TRUE,TRUE,TRUE,TRUE,TRUE
"31-55",58,14.25,0.0234730934064991,0.0236860606819489,14.4842021189078,TRUE,TRUE,TRUE,TRUE,TRUE
"31-55",59,14.5,0.0229076571377327,0.0230241092157221,14.4788488163971,TRUE,TRUE,TRUE,TRUE,TRUE
"31-55",60,14.75,0.0222341673226011,0.0222274699282152,14.465111588816,TRUE,TRUE,TRUE,TRUE,TRUE
"31-55",61,15,0.0213625141727556,0.0212019558340777,14.4985400388439,TRUE,TRUE,TRUE,TRUE,TRUE
"31-55",62,15.25,0.0201724656367567,0.0198690233710778,14.5662641477477,TRUE,TRUE,TRUE,TRUE,TRUE
"31-55",63,15.5,0.018701982574187,0.0182465488710531,14.6261473037929,TRUE,TRUE,TRUE,TRUE,TRUE
"31-55",64,15.75,0.0170981376985489,0.0165082126552542,14.6764325031331,TRUE,TRUE,TRUE,TRUE,TRUE
"31-55",65,16,0.0154601851290908,0.0148410483603715,14.6722426358583,TRUE,TRUE,TRUE,TRUE,TRUE
"31-55",66,16.25,0.0138442253075728,0.013264356191213,14.5461240107572,TRUE,TRUE,TRUE,TRUE,TRUE
"31-55",67,16.5,0.0123932497140204,0.0118441416805218,14.3010846591202,TRUE,TRUE,TRUE,TRUE,TRUE
"31-55",68,16.75,0.0112343140892084,0.0106998899399681,13.9523680340788,TRUE,TRUE,TRUE,TRUE,TRUE
"31-55",69,17,0.0103238607112391,0.00982748873890068,13.5582287642735,TRUE,TRUE,TRUE,TRUE,TRUE
"31-55",70,17.25,0.00948324729825653,0.00903426984294076,13.3491601216262,TRUE,TRUE,TRUE,TRUE,TRUE
"31-55",71,17.5,0.00868760925409436,0.00829915301880934,13.3481225123586,TRUE,TRUE,TRUE,TRUE,TRUE
"31-55",72,17.75,0.00803162301950391,0.00769615289202171,13.3012409037854,TRUE,TRUE,TRUE,TRUE,TRUE
"31-55",73,18,0.00752470129166669,0.00716854841703746,13.1106143545117,TRUE,TRUE,TRUE,TRUE,TRUE
"31-55",74,18.25,0.00710585447352033,0.00668336305935268,12.8832613804376,TRUE,TRUE,TRUE,TRUE,TRUE
"31-55",75,18.5,0.00677542239599196,0.00628312367047485,12.7542055918069,TRUE,TRUE,TRUE,TRUE,TRUE
"31-55",76,18.75,0.00657005336564276,0.00602866504282536,12.6978437520473,TRUE,TRUE,TRUE,TRUE,TRUE
"31-55",77,19,0.00642395201362343,0.00587813223946535,12.5971207735525,TRUE,TRUE,TRUE,TRUE,TRUE
"31-55",78,19.25,0.00623442965707208,0.00569936128920729,12.5225754953031,TRUE,TRUE,TRUE,TRUE,TRUE
"31-55",79,19.5,0.00599607527534879,0.00544735472060257,12.5611474614489,TRUE,TRUE,TRUE,TRUE,TRUE
"31-55",80,19.75,0.00574332178115696,0.00516247829861053,12.6538120672705,TRUE,TRUE,TRUE,TRUE,FALSE
"31-55",81,20,0.00546128527866427,0.00484337112633132,12.7641596688151,TRUE,TRUE,TRUE,TRUE,FALSE
"31-55",82,20.25,0.00513840291777953,0.00447649309802271,12.9486298967596,TRUE,TRUE,TRUE,TRUE,FALSE
"31-55",83,20.5,0.00480551230460355,0.00414000307852167,13.1414141509561,TRUE,TRUE,TRUE,TRUE,FALSE
"31-55",84,20.75,0.00445997338325868,0.00383705495479802,13.2526109749131,TRUE,TRUE,TRUE,TRUE,FALSE
"31-55",85,21,0.00408676896280206,0.00351200649774487,13.3829869580726,TRUE,TRUE,TRUE,TRUE,FALSE
"31-55",86,21.25,0.00371035275110409,0.00316780728895403,13.6373629543693,TRUE,TRUE,TRUE,TRUE,FALSE
"31-55",87,21.5,0.00335002313238918,0.0028504859233057,14.0301582533368,TRUE,TRUE,TRUE,TRUE,FALSE
"31-55",88,21.75,0.00299999348414178,0.00257042253930754,14.5986682476012,TRUE,TRUE,TRUE,FALSE,FALSE
"31-55",89,22,0.00265926525279497,0.00230601314403644,15.3873708463768,TRUE,TRUE,TRUE,FALSE,FALSE
"31-55",90,22.25,0.00235034396089138,0.00205436567402223,16.3525594144377,TRUE,TRUE,TRUE,FALSE,FALSE
"31-55",91,22.5,0.00208772147952781,0.00182519834138335,17.3778810612066,TRUE,TRUE,TRUE,FALSE,FALSE
"31-55",92,22.75,0.00186681590397214,0.00163131866923772,18.1133109053171,TRUE,TRUE,TRUE,FALSE,FALSE
"31-55",93,23,0.00166246151347842,0.00144958896842537,18.6608763866432,TRUE,TRUE,TRUE,FALSE,FALSE
"31-55",94,23.25,0.0014193204154065,0.00122824433599085,19.2551604669062,TRUE,TRUE,FALSE,FALSE,FALSE
"31-55",95,23.5,0.00098238837817881,0.000845199173661607,19.6593823953933,TRUE,TRUE,FALSE,FALSE,FALSE
"31-55",96,23.75,0.000404257510176921,0.000347194557862124,19.8163818747163,TRUE,FALSE,FALSE,FALSE,FALSE
"56-65",1,0,2.28610118085257e-42,2.7223990958293e-42,9.60000881067755,FALSE,FALSE,FALSE,FALSE,FALSE
"56-65",2,0.25,6.96004988088171e-37,8.28836972365775e-37,9.60002420321842,FALSE,FALSE,FALSE,FALSE,FALSE
"56-65",3,0.5,7.63214415877881e-32,9.08875677246771e-32,9.60006648644772,FALSE,FALSE,FALSE,FALSE,FALSE
"56-65",4,0.75,3.01441641663273e-27,3.58975103584154e-27,9.60018263444034,FALSE,FALSE,FALSE,FALSE,FALSE
"56-65",5,1,4.28841266984585e-23,5.10700581478585e-23,9.60050165308123,FALSE,FALSE,FALSE,FALSE,FALSE
"56-65",6,1.25,2.19768513273196e-19,2.61733397557576e-19,9.60137767044149,FALSE,FALSE,FALSE,FALSE,FALSE
"56-65",7,1.5,4.05804506926857e-16,4.83366033605271e-16,9.60378155468739,FALSE,FALSE,FALSE,FALSE,FALSE
"56-65",8,1.75,2.70174431909492e-13,3.21946271990021e-13,9.61036574078602,FALSE,FALSE,FALSE,FALSE,FALSE
"56-65",9,2,6.4975874763046e-11,7.75145592737816e-11,9.62830736074375,FALSE,FALSE,FALSE,FALSE,FALSE
"56-65",10,2.25,5.67332685841601e-09,6.7889756918423e-09,9.67651501059484,FALSE,FALSE,FALSE,FALSE,FALSE
"56-65",11,2.5,1.82323451915151e-07,2.19967375731093e-07,9.80117504679814,FALSE,FALSE,FALSE,FALSE,FALSE
"56-65",12,2.75,2.23566370062898e-06,2.75324169744668e-06,10.0918827996782,FALSE,FALSE,FALSE,FALSE,FALSE
"56-65",13,3,1.14279908807675e-05,1.47171056855957e-05,10.6067704337127,FALSE,FALSE,FALSE,FALSE,FALSE
"56-65",14,3.25,2.93104947848995e-05,4.03954432906518e-05,11.0118749783213,FALSE,FALSE,FALSE,FALSE,FALSE
"56-65",15,3.5,5.00116326845604e-05,7.104341550735e-05,10.6158473286352,FALSE,FALSE,FALSE,FALSE,FALSE
"56-65",16,3.75,7.30147107754549e-05,9.35967785473099e-05,9.79094571272191,FALSE,FALSE,FALSE,FALSE,FALSE
"56-65",17,4,0.000100895410797302,0.000106044492804802,9.70166880368917,FALSE,FALSE,FALSE,FALSE,FALSE
"56-65",18,4.25,0.000136657828833265,0.00012771527919615,10.9338491856332,FALSE,FALSE,FALSE,FALSE,FALSE
"56-65",19,4.5,0.000191611372925484,0.000178993583971932,12.608659278705,FALSE,FALSE,FALSE,FALSE,FALSE
"56-65",20,4.75,0.000280050044294623,0.000260631294665857,13.823744726776,FALSE,FALSE,FALSE,FALSE,FALSE
"56-65",21,5,0.000408938693830941,0.00038391560049424,14.4448659776272,TRUE,FALSE,FALSE,FALSE,FALSE
"56-65",22,5.25,0.000608315873095102,0.000606026720385785,14.4567802880501,TRUE,TRUE,FALSE,FALSE,FALSE
"56-65",23,5.5,0.000946457365406638,0.00102138651476241,14.7921823524669,TRUE,TRUE,FALSE,FALSE,FALSE
"56-65",24,5.75,0.00145035432455757,0.00169481892277374,15.1524179465623,TRUE,TRUE,TRUE,FALSE,FALSE
"56-65",25,6,0.00209704676423718,0.00255613674591162,14.9855223713201,TRUE,TRUE,TRUE,FALSE,FALSE
"56-65",26,6.25,0.0029522405152006,0.00359761894277202,14.8027127687066,TRUE,TRUE,TRUE,TRUE,FALSE
"56-65",27,6.5,0.0042166106354747,0.00502384521362921,14.9703849815864,TRUE,TRUE,TRUE,TRUE,FALSE
"56-65",28,6.75,0.00595325010325681,0.0068191126921474,15.2402040592363,TRUE,TRUE,TRUE,TRUE,TRUE
"56-65",29,7,0.00784126218141907,0.00870728208698682,15.4187092088308,TRUE,TRUE,TRUE,TRUE,TRUE
"56-65",30,7.25,0.00973050054288586,0.0107222906661731,15.4246467923177,TRUE,TRUE,TRUE,TRUE,TRUE
"56-65",31,7.5,0.0119011558075237,0.0131829970640752,15.2250131533812,TRUE,TRUE,TRUE,TRUE,TRUE
"56-65",32,7.75,0.0143523516439649,0.0159724063957729,14.9784014293845,TRUE,TRUE,TRUE,TRUE,TRUE
"56-65",33,8,0.0165803292263865,0.0183651480407962,14.8375991453379,TRUE,TRUE,TRUE,TRUE,TRUE
"56-65",34,8.25,0.0182137057619294,0.0200043225903717,14.8132338342004,TRUE,TRUE,TRUE,TRUE,TRUE
"56-65",35,8.5,0.0194401339895424,0.0211883066705608,14.8314745810525,TRUE,TRUE,TRUE,TRUE,TRUE
"56-65",36,8.75,0.0205249165226779,0.0221488548830572,14.8197235005933,TRUE,TRUE,TRUE,TRUE,TRUE
"56-65",37,9,0.0215472260400881,0.0229236980141232,14.735584070377,TRUE,TRUE,TRUE,TRUE,TRUE
"56-65",38,9.25,0.0224235879282382,0.0234472381890677,14.6648957444461,TRUE,TRUE,TRUE,TRUE,TRUE
"56-65",39,9.5,0.023139551799071,0.0237513588431091,14.7432722201335,TRUE,TRUE,TRUE,TRUE,TRUE
"56-65",40,9.75,0.0238157882916623,0.0240690741541332,14.8494843731048,TRUE,TRUE,TRUE,TRUE,TRUE
"56-65",41,10,0.0245678753456717,0.0245944250151546,14.807384970743,TRUE,TRUE,TRUE,TRUE,TRUE
"56-65",42,10.25,0.0252670430478515,0.0251444881372523,14.7380727903038,TRUE,TRUE,TRUE,TRUE,TRUE
"56-65",43,10.5,0.0256866148843594,0.0254734619420314,14.7823904615686,TRUE,TRUE,TRUE,TRUE,TRUE
"56-65",44,10.75,0.0258828038406646,0.0256100347793225,14.8699995632915,TRUE,TRUE,TRUE,TRUE,TRUE
"56-65",45,11,0.0260262893005904,0.025737447572647,14.9131720364821,TRUE,TRUE,TRUE,TRUE,TRUE
"56-65",46,11.25,0.026091376747799,0.0259308824006418,14.9339416096421,TRUE,TRUE,TRUE,TRUE,TRUE
"56-65",47,11.5,0.025948699323915,0.026065581868696,14.9837156965021,TRUE,TRUE,TRUE,TRUE,TRUE
"56-65",48,11.75,0.0256599374426126,0.0260287893870137,15.0780337899875,TRUE,TRUE,TRUE,TRUE,TRUE
"56-65",49,12,0.0253472304863963,0.0258180059195366,15.1967248780796,TRUE,TRUE,TRUE,TRUE,TRUE
"56-65",50,12.25,0.0250492159930952,0.0255134621741107,15.2975476558431,TRUE,TRUE,TRUE,TRUE,TRUE
"56-65",51,12.5,0.0247718849520302,0.0251791475338911,15.3705898100231,TRUE,TRUE,TRUE,TRUE,TRUE
"56-65",52,12.75,0.0245625802723591,0.0249515430730025,15.3903362599832,TRUE,TRUE,TRUE,TRUE,TRUE
"56-65",53,13,0.0244533273688118,0.0248767610084122,15.3507498703795,TRUE,TRUE,TRUE,TRUE,TRUE
"56-65",54,13.25,0.0243594770266279,0.0247706116414054,15.3037489091483,TRUE,TRUE,TRUE,TRUE,TRUE
"56-65",55,13.5,0.0241759890463069,0.0244743991190006,15.3032952272037,TRUE,TRUE,TRUE,TRUE,TRUE
"56-65",56,13.75,0.0239278161094896,0.02405691451814,15.321731670855,TRUE,TRUE,TRUE,TRUE,TRUE
"56-65",57,14,0.0236405221788902,0.023667738329642,15.2961912010752,TRUE,TRUE,TRUE,TRUE,TRUE
"56-65",58,14.25,0.0232088723286594,0.0231668817125694,15.2653956117194,TRUE,TRUE,TRUE,TRUE,TRUE
"56-65",59,14.5,0.0226009318954253,0.0224782151912351,15.2552991416589,TRUE,TRUE,TRUE,TRUE,TRUE
"56-65",60,14.75,0.021847821760806,0.0216399776272218,15.2469248339559,TRUE,TRUE,TRUE,TRUE,TRUE
"56-65",61,15,0.0208904111724552,0.020602828150861,15.3113757089364,TRUE,TRUE,TRUE,TRUE,TRUE
"56-65",62,15.25,0.0196764904807376,0.0193552209245069,15.4672650369729,TRUE,TRUE,TRUE,TRUE,TRUE
"56-65",63,15.5,0.0182722663766323,0.0178672315236751,15.6062932417835,TRUE,TRUE,TRUE,TRUE,TRUE
"56-65",64,15.75,0.0168157827335896,0.0162522800122164,15.6045898263577,TRUE,TRUE,TRUE,TRUE,TRUE
"56-65",65,16,0.0153857939413214,0.014728308871936,15.4937131588438,TRUE,TRUE,TRUE,TRUE,TRUE
"56-65",66,16.25,0.0139192222303962,0.0131334392942952,15.4450547135404,TRUE,TRUE,TRUE,TRUE,TRUE
"56-65",67,16.5,0.0125191295422635,0.0115738201385463,15.3077102998086,TRUE,TRUE,TRUE,TRUE,TRUE
"56-65",68,16.75,0.0113417234947553,0.0104647290737987,14.705434798627,TRUE,TRUE,TRUE,TRUE,TRUE
"56-65",69,17,0.0103680543851285,0.00976038814163399,13.816138722411,TRUE,TRUE,TRUE,TRUE,TRUE
"56-65",70,17.25,0.00949877707740006,0.00908832131025311,13.2685002293803,TRUE,TRUE,TRUE,TRUE,TRUE
"56-65",71,17.5,0.00874797015131566,0.00844332945228258,13.0920150622856,TRUE,TRUE,TRUE,TRUE,TRUE
"56-65",72,17.75,0.00817912740638229,0.00799672557551442,12.8785710351907,TRUE,TRUE,TRUE,TRUE,TRUE
"56-65",73,18,0.00775887598110814,0.00766422990838613,12.5287634608205,TRUE,TRUE,TRUE,TRUE,TRUE
"56-65",74,18.25,0.00744923964933782,0.00725494861759695,12.3221679759612,TRUE,TRUE,TRUE,TRUE,TRUE
"56-65",75,18.5,0.00727303538353117,0.00684489720757465,12.3424928337352,TRUE,TRUE,TRUE,TRUE,TRUE
"56-65",76,18.75,0.00721304151442424,0.0065705475330615,12.2851471630331,TRUE,TRUE,TRUE,TRUE,TRUE
"56-65",77,19,0.00718902111022155,0.00640965944329999,12.0398769830586,TRUE,TRUE,TRUE,TRUE,TRUE
"56-65",78,19.25,0.0070985261806043,0.00624409276602579,11.8805588229043,TRUE,TRUE,TRUE,TRUE,TRUE
"56-65",79,19.5,0.00690103330946601,0.00599076631743092,11.9628908004004,TRUE,TRUE,TRUE,TRUE,TRUE
"56-65",80,19.75,0.0066252360822488,0.00568803822240887,12.1549250806917,TRUE,TRUE,TRUE,TRUE,TRUE
"56-65",81,20,0.00630962365725048,0.00536812854097947,12.3742208037536,TRUE,TRUE,TRUE,TRUE,TRUE
"56-65",82,20.25,0.00595244479051393,0.00499293404332337,12.5976894603113,TRUE,TRUE,TRUE,TRUE,FALSE
"56-65",83,20.5,0.00559113942743613,0.00461891901885054,12.7681849031273,TRUE,TRUE,TRUE,TRUE,FALSE
"56-65",84,20.75,0.00524040915554256,0.00431174715827839,12.9799918691315,TRUE,TRUE,TRUE,TRUE,FALSE
"56-65",85,21,0.00484840204528157,0.00399323893829186,13.3119064847985,TRUE,TRUE,TRUE,TRUE,FALSE
"56-65",86,21.25,0.00440455204758064,0.0036046619050891,13.7324952287961,TRUE,TRUE,TRUE,TRUE,FALSE
"56-65",87,21.5,0.00394982276935495,0.00324628966509546,14.1855330196173,TRUE,TRUE,TRUE,TRUE,FALSE
"56-65",88,21.75,0.00349850795084785,0.00293928293861672,14.7176167997254,TRUE,TRUE,TRUE,TRUE,FALSE
"56-65",89,22,0.00306624566083087,0.00263415895335747,15.3077741125134,TRUE,TRUE,TRUE,TRUE,FALSE
"56-65",90,22.25,0.00270178601910481,0.00235093577455796,15.6845414286807,TRUE,TRUE,TRUE,FALSE,FALSE
"56-65",91,22.5,0.0023993389602863,0.00208539978425764,15.9028924259837,TRUE,TRUE,TRUE,FALSE,FALSE
"56-65",92,22.75,0.00211458763349372,0.00179670765886955,16.2954346416152,TRUE,TRUE,TRUE,FALSE,FALSE
"56-65",93,23,0.00182377671834886,0.00151100720289181,16.883412347445,TRUE,TRUE,TRUE,FALSE,FALSE
"56-65",94,23.25,0.00149085805155729,0.00122075202023758,17.3633464369109,TRUE,TRUE,FALSE,FALSE,FALSE
"56-65",95,23.5,0.000991743373505641,0.000807752596486665,17.562588869934,TRUE,TRUE,FALSE,FALSE,FALSE
"56-65",96,23.75,0.000398566961231308,0.000323555943925922,17.6012520084943,TRUE,FALSE,FALSE,FALSE,FALSE
"66+",1,0,1.62195107989189e-43,3.04325408718204e-54,19.0999999999999,FALSE,FALSE,FALSE,FALSE,FALSE
"66+",2,0.25,4.93803319306246e-38,6.99174489144599e-48,19.0999999999993,FALSE,FALSE,FALSE,FALSE,FALSE
"66+",3,0.5,5.41485000670757e-33,5.78558841203805e-42,19.0999999999947,FALSE,FALSE,FALSE,FALSE,FALSE
"66+",4,0.75,2.13864255754286e-28,1.72434644561296e-36,19.0999999999599,FALSE,FALSE,FALSE,FALSE,FALSE
"66+",5,1,3.04241217368882e-24,1.85104820478521e-31,19.0999999996974,FALSE,FALSE,FALSE,FALSE,FALSE
"66+",6,1.25,1.55901374964643e-20,7.15698957736774e-27,19.0999999977167,FALSE,FALSE,FALSE,FALSE,FALSE
"66+",7,1.5,2.87806007881662e-17,9.96715934222439e-23,19.0999999827707,FALSE,FALSE,FALSE,FALSE,FALSE
"66+",8,1.75,1.91491592251623e-14,4.99994522652643e-19,19.0999998699985,FALSE,FALSE,FALSE,FALSE,FALSE
"66+",9,2,4.5973196173277e-12,9.03606070572727e-16,19.0999990192988,FALSE,FALSE,FALSE,FALSE,FALSE
"66+",10,2.25,3.99570060388806e-10,5.88569500838022e-13,19.0999926060939,FALSE,FALSE,FALSE,FALSE,FALSE
"66+",11,2.5,1.269494164227e-08,1.38333874179439e-10,19.0999443428116,FALSE,FALSE,FALSE,FALSE,FALSE
"66+",12,2.75,1.52115886229178e-07,1.17697314454427e-08,19.0995828693438,FALSE,FALSE,FALSE,FALSE,FALSE
"66+",13,3,7.66576201064041e-07,3.65721918015834e-07,19.0969110955358,FALSE,FALSE,FALSE,FALSE,FALSE
"66+",14,3.25,2.22682199482651e-06,4.25264664526518e-06,19.0778712001123,FALSE,FALSE,FALSE,FALSE,FALSE
"66+",15,3.5,5.3233323173279e-06,1.97791604892245e-05,18.9552296489187,FALSE,FALSE,FALSE,FALSE,FALSE
"66+",16,3.75,1.02910387785463e-05,4.35816573001011e-05,18.3520611646945,FALSE,FALSE,FALSE,FALSE,FALSE
"66+",17,4,1.73719998273638e-05,6.22120478907419e-05,16.7248656691396,FALSE,FALSE,FALSE,FALSE,FALSE
"66+",18,4.25,2.75266126034451e-05,7.47382398047509e-05,14.9561261955663,FALSE,FALSE,FALSE,FALSE,FALSE
"66+",19,4.5,4.10557166739111e-05,8.25783830346468e-05,14.2583715767148,FALSE,FALSE,FALSE,FALSE,FALSE
"66+",20,4.75,6.24832142057162e-05,0.000100897796782408,14.890638047484,FALSE,FALSE,FALSE,FALSE,FALSE
"66+",21,5,9.72877072851888e-05,0.000155796269983713,16.7118363963649,FALSE,FALSE,FALSE,FALSE,FALSE
"66+",22,5.25,0.000145723472778679,0.000240179030482606,17.4747331770618,FALSE,FALSE,FALSE,FALSE,FALSE
"66+",23,5.5,0.000216734451705691,0.000343010295481093,16.7333593717272,TRUE,FALSE,FALSE,FALSE,FALSE
"66+",24,5.75,0.000330684263576321,0.000491072055377066,16.0596124144052,TRUE,FALSE,FALSE,FALSE,FALSE
"66+",25,6,0.0005055115810099,0.000695992717933264,15.3563500026068,TRUE,TRUE,FALSE,FALSE,FALSE
"66+",26,6.25,0.000758031657632001,0.000998574814434699,13.7295723171276,TRUE,TRUE,FALSE,FALSE,FALSE
"66+",27,6.5,0.00108749035490853,0.00143477256084389,11.9520215761334,TRUE,TRUE,FALSE,FALSE,FALSE
"66+",28,6.75,0.00149717613113853,0.00193576177660259,10.7500325012462,TRUE,TRUE,TRUE,FALSE,FALSE
"66+",29,7,0.00198483841479585,0.00247331437019431,10.1114588426343,TRUE,TRUE,TRUE,FALSE,FALSE
"66+",30,7.25,0.00255300334647005,0.00314367809661883,10.1225394586385,TRUE,TRUE,TRUE,TRUE,FALSE
"66+",31,7.5,0.00329282443636824,0.00409519877576696,10.4114327211187,TRUE,TRUE,TRUE,TRUE,FALSE
"66+",32,7.75,0.00427213442455383,0.00541589005750073,10.5302604167061,TRUE,TRUE,TRUE,TRUE,FALSE
"66+",33,8,0.0053961148469256,0.00695938182576693,10.4074401000025,TRUE,TRUE,TRUE,TRUE,TRUE
"66+",34,8.25,0.0065496516511378,0.00836123934422492,10.1945340333582,TRUE,TRUE,TRUE,TRUE,TRUE
"66+",35,8.5,0.00783576661098779,0.00957277320604602,9.97234678085313,TRUE,TRUE,TRUE,TRUE,TRUE
"66+",36,8.75,0.00948512199170922,0.0110202825287399,9.65513124970915,TRUE,TRUE,TRUE,TRUE,TRUE
"66+",37,9,0.0116025968206376,0.0127670985531385,9.35226487995594,TRUE,TRUE,TRUE,TRUE,TRUE
"66+",38,9.25,0.0139914963113686,0.0146554217618284,9.17571489622755,TRUE,TRUE,TRUE,TRUE,TRUE
"66+",39,9.5,0.0165241304257179,0.0167066015900097,9.21209981067366,TRUE,TRUE,TRUE,TRUE,TRUE
"66+",40,9.75,0.0194221023127277,0.0191065369276625,9.31609184124209,TRUE,TRUE,TRUE,TRUE,TRUE
"66+",41,10,0.0228927934964748,0.0223168210737268,9.2047733576414,TRUE,TRUE,TRUE,TRUE,TRUE
"66+",42,10.25,0.0260279097269494,0.0253908985609979,9.18691835840797,TRUE,TRUE,TRUE,TRUE,TRUE
"66+",43,10.5,0.0277668080150989,0.0270160632149075,9.48374712481911,TRUE,TRUE,TRUE,TRUE,TRUE
"66+",44,10.75,0.0285574812700415,0.0278047997154371,9.79602472362807,TRUE,TRUE,TRUE,TRUE,TRUE
"66+",45,11,0.0291937268342504,0.0288224500670031,9.86900056116252,TRUE,TRUE,TRUE,TRUE,TRUE
"66+",46,11.25,0.0293938036428645,0.029558108139331,9.9236812157588,TRUE,TRUE,TRUE,TRUE,TRUE
"66+",47,11.5,0.0285325301888192,0.0289121590985263,10.2493387419463,TRUE,TRUE,TRUE,TRUE,TRUE
"66+",48,11.75,0.0271318132331281,0.0275714745832574,10.6712102552224,TRUE,TRUE,TRUE,TRUE,TRUE
"66+",49,12,0.0258922658147548,0.0265693729945536,10.9365355498051,TRUE,TRUE,TRUE,TRUE,TRUE
"66+",50,12.25,0.0248919230640718,0.0256723579140471,11.1004318493079,TRUE,TRUE,TRUE,TRUE,TRUE
"66+",51,12.5,0.0240159914793598,0.0245005965857578,11.3189769547964,TRUE,TRUE,TRUE,TRUE,TRUE
"66+",52,12.75,0.0235412634045914,0.0235902326576412,11.5013579280484,TRUE,TRUE,TRUE,TRUE,TRUE
"66+",53,13,0.0237294984802643,0.0235661545763748,11.4008461646325,TRUE,TRUE,TRUE,TRUE,TRUE
"66+",54,13.25,0.024127362598075,0.0239020900224949,11.1837065380583,TRUE,TRUE,TRUE,TRUE,TRUE
"66+",55,13.5,0.0242193986261646,0.0237247232737578,11.1681954220685,TRUE,TRUE,TRUE,TRUE,TRUE
"66+",56,13.75,0.0241975104759053,0.0233888736500921,11.187192817339,TRUE,TRUE,TRUE,TRUE,TRUE
"66+",57,14,0.0244746824019478,0.0236965116700742,10.9276116963896,TRUE,TRUE,TRUE,TRUE,TRUE
"66+",58,14.25,0.0247036900817359,0.0241247803013857,10.6350825931287,TRUE,TRUE,TRUE,TRUE,TRUE
"66+",59,14.5,0.0243222754596626,0.0235934738076346,10.6656384072133,TRUE,TRUE,TRUE,TRUE,TRUE
"66+",60,14.75,0.0235676788068736,0.0222673030643736,10.9283687812625,TRUE,TRUE,TRUE,TRUE,TRUE
"66+",61,15,0.0228886756207477,0.0211061489160096,11.105138663428,TRUE,TRUE,TRUE,TRUE,TRUE
"66+",62,15.25,0.0220721403774151,0.0200035915295166,11.2482007390823,TRUE,TRUE,TRUE,TRUE,TRUE
"66+",63,15.5,0.0208983962882517,0.0185192415737789,11.4815402126778,TRUE,TRUE,TRUE,TRUE,TRUE
"66+",64,15.75,0.0196185755178547,0.0172241691761005,11.5514836841294,TRUE,TRUE,TRUE,TRUE,TRUE
"66+",65,16,0.0184388088794643,0.0165227571325295,11.4073704399099,TRUE,TRUE,TRUE,TRUE,TRUE
"66+",66,16.25,0.017239868660393,0.0158101759431459,11.4129905045512,TRUE,TRUE,TRUE,TRUE,TRUE
"66+",67,16.5,0.0159038836091587,0.014711925246925,11.6622262157599,TRUE,TRUE,TRUE,TRUE,TRUE
"66+",68,16.75,0.0146040877191258,0.0136860838738941,11.8325771712312,TRUE,TRUE,TRUE,TRUE,TRUE
"66+",69,17,0.0135094002036496,0.0131263005135008,11.7410047703606,TRUE,TRUE,TRUE,TRUE,TRUE
"66+",70,17.25,0.0125416872926124,0.0127973182288925,11.6253723919229,TRUE,TRUE,TRUE,TRUE,TRUE
"66+",71,17.5,0.0116860729482535,0.0123492747820433,11.646794152668,TRUE,TRUE,TRUE,TRUE,TRUE
"66+",72,17.75,0.0110799934048064,0.0119596858095633,11.6582846505725,TRUE,TRUE,TRUE,TRUE,TRUE
"66+",73,18,0.0108174803356584,0.0119098474027955,11.5048644096381,TRUE,TRUE,TRUE,TRUE,TRUE
"66+",74,18.25,0.0108930810337913,0.0121939419317199,11.2647382734069,TRUE,TRUE,TRUE,TRUE,TRUE
"66+",75,18.5,0.0111881820892533,0.0126077715120925,11.0817094126699,TRUE,TRUE,TRUE,TRUE,TRUE
"66+",76,18.75,0.0114955281028096,0.0128730508371851,11.03100794467,TRUE,TRUE,TRUE,TRUE,TRUE
"66+",77,19,0.0116789910800844,0.0128879158788433,11.001303934284,TRUE,TRUE,TRUE,TRUE,TRUE
"66+",78,19.25,0.0116610285178224,0.0126755251277333,10.9635219719997,TRUE,TRUE,TRUE,TRUE,TRUE
"66+",79,19.5,0.0114796665144506,0.01234030709714,10.9454132878519,TRUE,TRUE,TRUE,TRUE,TRUE
"66+",80,19.75,0.0111867469115389,0.0118856013315005,10.9675979919096,TRUE,TRUE,TRUE,TRUE,TRUE
"66+",81,20,0.0107533784705613,0.0112185623046089,11.1372465947445,TRUE,TRUE,TRUE,TRUE,TRUE
"66+",82,20.25,0.0102064544528815,0.0104060709609791,11.4314333080626,TRUE,TRUE,TRUE,TRUE,TRUE
"66+",83,20.5,0.00962846747880211,0.00960064965289058,11.7107319433241,TRUE,TRUE,TRUE,TRUE,TRUE
"66+",84,20.75,0.00899926920821145,0.0087148983877574,12.0329867068621,TRUE,TRUE,TRUE,TRUE,TRUE
"66+",85,21,0.00826088616029298,0.00766494829465401,12.6268028298939,TRUE,TRUE,TRUE,TRUE,TRUE
"66+",86,21.25,0.00743842233728425,0.00667752253259277,13.3036209684819,TRUE,TRUE,TRUE,TRUE,TRUE
"66+",87,21.5,0.0065842797715223,0.00585511698178729,13.8766989682349,TRUE,TRUE,TRUE,TRUE,FALSE
"66+",88,21.75,0.00574274954991584,0.0051339792515421,14.421157301438,TRUE,TRUE,TRUE,TRUE,FALSE
"66+",89,22,0.0049535760451852,0.00446305168913707,15.0851418043762,TRUE,TRUE,TRUE,TRUE,FALSE
"66+",90,22.25,0.00424050064231295,0.00379022950937861,15.9965909177647,TRUE,TRUE,TRUE,TRUE,FALSE
"66+",91,22.5,0.00360988776667138,0.00319531404314236,16.913623560227,TRUE,TRUE,TRUE,TRUE,FALSE
"66+",92,22.75,0.0030597920478191,0.00272662629714592,17.4003805822293,TRUE,TRUE,TRUE,FALSE,FALSE
"66+",93,23,0.00258540866523449,0.00237681886864383,17.6215893646511,TRUE,TRUE,TRUE,FALSE,FALSE
"66+",94,23.25,0.00212863609536444,0.00203808581374478,17.9832660420402,TRUE,TRUE,TRUE,FALSE,FALSE
"66+",95,23.5,0.00144284033720526,0.00141579244453246,18.4243426635953,TRUE,TRUE,FALSE,FALSE,FALSE
"66+",96,23.75,0.000587117021508254,0.000581460030021757,18.722489921193,TRUE,FALSE,FALSE,FALSE,FALSE
