"AgeGroup","Period","end_year","bandwidth","H_D","bw_label","mean_distance_active","baseline_mda","drift"
"10-17","2007-2009",2009,"baseline",5,"H_D = 5 km (baseline)",5.13708536216821,5.58081205537033,-0.443726693202126
"10-17","2010-2012",2012,"baseline",5,"H_D = 5 km (baseline)",5.51839031617018,5.58081205537033,-0.0624217392001558
"10-17","2013-2015",2015,"baseline",5,"H_D = 5 km (baseline)",5.54507724256344,5.58081205537033,-0.0357348128068891
"10-17","2016-2018",2018,"baseline",5,"H_D = 5 km (baseline)",5.68295175954948,5.58081205537033,0.102139704179146
"10-17","2019-2021",2021,"baseline",5,"H_D = 5 km (baseline)",5.73061483638639,5.58081205537033,0.14980278101606
"10-17","2022-2024",2024,"baseline",5,"H_D = 5 km (baseline)",5.8707528153843,5.58081205537033,0.289940760013962
"10-17","2007-2009",2009,"bw3",3,"H_D = 3 km",4.7814623098401,5.22006824940808,-0.438605939567981
"10-17","2010-2012",2012,"bw3",3,"H_D = 3 km",5.14804794703531,5.22006824940808,-0.0720203023727697
"10-17","2013-2015",2015,"bw3",3,"H_D = 3 km",5.18552708507751,5.22006824940808,-0.0345411643305713
"10-17","2016-2018",2018,"bw3",3,"H_D = 3 km",5.33997586271714,5.22006824940808,0.119907613309057
"10-17","2019-2021",2021,"bw3",3,"H_D = 3 km",5.33976691662779,5.22006824940808,0.119698667219707
"10-17","2022-2024",2024,"bw3",3,"H_D = 3 km",5.52562937515064,5.22006824940808,0.305561125742559
"10-17","2007-2009",2009,"bw7",7,"H_D = 7 km",5.46982543225586,5.91355876073225,-0.44373332847639
"10-17","2010-2012",2012,"bw7",7,"H_D = 7 km",5.85907571637304,5.91355876073225,-0.054483044359209
"10-17","2013-2015",2015,"bw7",7,"H_D = 7 km",5.87868099976047,5.91355876073225,-0.0348777609717823
"10-17","2016-2018",2018,"bw7",7,"H_D = 7 km",5.99807744244035,5.91355876073225,0.0845186817080972
"10-17","2019-2021",2021,"bw7",7,"H_D = 7 km",6.08530383220122,5.91355876073225,0.171745071468969
"10-17","2022-2024",2024,"bw7",7,"H_D = 7 km",6.19038914136256,5.91355876073225,0.276830380630315
"18-30","2007-2009",2009,"baseline",5,"H_D = 5 km (baseline)",10.9168152722163,11.5238120346554,-0.606996762439127
"18-30","2010-2012",2012,"baseline",5,"H_D = 5 km (baseline)",11.0490118719734,11.5238120346554,-0.47480016268198
"18-30","2013-2015",2015,"baseline",5,"H_D = 5 km (baseline)",11.4212861672757,11.5238120346554,-0.102525867379761
"18-30","2016-2018",2018,"baseline",5,"H_D = 5 km (baseline)",11.370718203779,11.5238120346554,-0.153093830876434
"18-30","2019-2021",2021,"baseline",5,"H_D = 5 km (baseline)",12.3781453384745,11.5238120346554,0.854333303819121
"18-30","2022-2024",2024,"baseline",5,"H_D = 5 km (baseline)",12.0068953542136,11.5238120346554,0.483083319558187
"18-30","2007-2009",2009,"bw3",3,"H_D = 3 km",10.5993977579468,11.2057978338732,-0.606400075926333
"18-30","2010-2012",2012,"bw3",3,"H_D = 3 km",10.7183884645163,11.2057978338732,-0.487409369356875
"18-30","2013-2015",2015,"bw3",3,"H_D = 3 km",11.1075152257977,11.2057978338732,-0.0982826080754933
"18-30","2016-2018",2018,"bw3",3,"H_D = 3 km",11.053959051761,11.2057978338732,-0.151838782112193
"18-30","2019-2021",2021,"bw3",3,"H_D = 3 km",12.0556707425846,11.2057978338732,0.849872908711374
"18-30","2022-2024",2024,"bw3",3,"H_D = 3 km",11.6998557606327,11.2057978338732,0.49405792675952
"18-30","2007-2009",2009,"bw7",7,"H_D = 7 km",11.2376166992483,11.8414184185703,-0.603801719322
"18-30","2010-2012",2012,"bw7",7,"H_D = 7 km",11.3717784873316,11.8414184185703,-0.469639931238788
"18-30","2013-2015",2015,"bw7",7,"H_D = 7 km",11.7430112546869,11.8414184185703,-0.0984071638834614
"18-30","2016-2018",2018,"bw7",7,"H_D = 7 km",11.682452917205,11.8414184185703,-0.158965501365383
"18-30","2019-2021",2021,"bw7",7,"H_D = 7 km",12.7004186862814,11.8414184185703,0.859000267711069
"18-30","2022-2024",2024,"bw7",7,"H_D = 7 km",12.3132324666689,11.8414184185703,0.47181404809856
"31-55","2007-2009",2009,"baseline",5,"H_D = 5 km (baseline)",12.4474913271073,13.5207824069326,-1.07329107982527
"31-55","2010-2012",2012,"baseline",5,"H_D = 5 km (baseline)",12.9856016424834,13.5207824069326,-0.535180764449152
"31-55","2013-2015",2015,"baseline",5,"H_D = 5 km (baseline)",13.5339592440213,13.5207824069326,0.0131768370887375
"31-55","2016-2018",2018,"baseline",5,"H_D = 5 km (baseline)",13.7923500459867,13.5207824069326,0.271567639054126
"31-55","2019-2021",2021,"baseline",5,"H_D = 5 km (baseline)",14.0677759952768,13.5207824069326,0.546993588344202
"31-55","2022-2024",2024,"baseline",5,"H_D = 5 km (baseline)",14.2975161867199,13.5207824069326,0.776733779787355
"31-55","2007-2009",2009,"bw3",3,"H_D = 3 km",12.167706464209,13.2504315338933,-1.08272506968433
"31-55","2010-2012",2012,"bw3",3,"H_D = 3 km",12.7122315648063,13.2504315338933,-0.538199969087009
"31-55","2013-2015",2015,"bw3",3,"H_D = 3 km",13.2635454203048,13.2504315338933,0.0131138864114568
"31-55","2016-2018",2018,"bw3",3,"H_D = 3 km",13.5137147732015,13.2504315338933,0.263283239308139
"31-55","2019-2021",2021,"bw3",3,"H_D = 3 km",13.8130480097251,13.2504315338933,0.562616475831751
"31-55","2022-2024",2024,"bw3",3,"H_D = 3 km",14.0323429711133,13.2504315338933,0.781911437219994
"31-55","2007-2009",2009,"bw7",7,"H_D = 7 km",12.7260938084662,13.7894065138493,-1.06331270538303
"31-55","2010-2012",2012,"bw7",7,"H_D = 7 km",13.250111610167,13.7894065138493,-0.539294903682286
"31-55","2013-2015",2015,"bw7",7,"H_D = 7 km",13.8115678505774,13.7894065138493,0.0221613367281357
"31-55","2016-2018",2018,"bw7",7,"H_D = 7 km",14.0605860911176,13.7894065138493,0.271179577268365
"31-55","2019-2021",2021,"bw7",7,"H_D = 7 km",14.3245460930623,13.7894065138493,0.535139579213098
"31-55","2022-2024",2024,"bw7",7,"H_D = 7 km",14.563533629705,13.7894065138493,0.774127115855723
"56-65","2007-2009",2009,"baseline",5,"H_D = 5 km (baseline)",11.9269463265643,13.2466306963026,-1.31968436973833
"56-65","2010-2012",2012,"baseline",5,"H_D = 5 km (baseline)",12.6296956425806,13.2466306963026,-0.616935053722006
"56-65","2013-2015",2015,"baseline",5,"H_D = 5 km (baseline)",13.3320507039771,13.2466306963026,0.085420007674502
"56-65","2016-2018",2018,"baseline",5,"H_D = 5 km (baseline)",12.8911258176609,13.2466306963026,-0.355504878641758
"56-65","2019-2021",2021,"baseline",5,"H_D = 5 km (baseline)",13.8867128411291,13.2466306963026,0.640082144826478
"56-65","2022-2024",2024,"baseline",5,"H_D = 5 km (baseline)",14.8132528459037,13.2466306963026,1.56662214960112
"56-65","2007-2009",2009,"bw3",3,"H_D = 3 km",11.630186434475,12.9553187508965,-1.3251323164215
"56-65","2010-2012",2012,"bw3",3,"H_D = 3 km",12.3276447796851,12.9553187508965,-0.627673971211436
"56-65","2013-2015",2015,"bw3",3,"H_D = 3 km",13.0285329997025,12.9553187508965,0.0732142488059715
"56-65","2016-2018",2018,"bw3",3,"H_D = 3 km",12.5974027878632,12.9553187508965,-0.357915963033351
"56-65","2019-2021",2021,"bw3",3,"H_D = 3 km",13.6104619333984,12.9553187508965,0.655143182501865
"56-65","2022-2024",2024,"bw3",3,"H_D = 3 km",14.537683570255,12.9553187508965,1.58236481935845
"56-65","2007-2009",2009,"bw7",7,"H_D = 7 km",12.2100544254561,13.5231972157952,-1.31314279033905
"56-65","2010-2012",2012,"bw7",7,"H_D = 7 km",12.9079652371894,13.5231972157952,-0.615231978605774
"56-65","2013-2015",2015,"bw7",7,"H_D = 7 km",13.6202086199812,13.5231972157952,0.0970114041860093
"56-65","2016-2018",2018,"bw7",7,"H_D = 7 km",13.176891946033,13.5231972157952,-0.346305269762217
"56-65","2019-2021",2021,"bw7",7,"H_D = 7 km",14.1565611907673,13.5231972157952,0.63336397497212
"56-65","2022-2024",2024,"bw7",7,"H_D = 7 km",15.0675018753441,13.5231972157952,1.54430465954891
"66+","2007-2009",2009,"baseline",5,"H_D = 5 km (baseline)",9.64541915780949,10.8592674113451,-1.21384825353564
"66+","2010-2012",2012,"baseline",5,"H_D = 5 km (baseline)",10.5253423758504,10.8592674113451,-0.33392503549473
"66+","2013-2015",2015,"baseline",5,"H_D = 5 km (baseline)",10.6511914539185,10.8592674113451,-0.208075957426619
"66+","2016-2018",2018,"baseline",5,"H_D = 5 km (baseline)",11.4106045884765,10.8592674113451,0.551337177131368
"66+","2019-2021",2021,"baseline",5,"H_D = 5 km (baseline)",11.977145259226,10.8592674113451,1.11787784788085
"66+","2022-2024",2024,"baseline",5,"H_D = 5 km (baseline)",10.9459016327899,10.8592674113451,0.0866342214447737
"66+","2007-2009",2009,"bw3",3,"H_D = 3 km",9.26035767290519,10.4915895749125,-1.23123190200731
"66+","2010-2012",2012,"bw3",3,"H_D = 3 km",10.1544895433032,10.4915895749125,-0.337100031609285
"66+","2013-2015",2015,"bw3",3,"H_D = 3 km",10.2964814373312,10.4915895749125,-0.195108137581276
"66+","2016-2018",2018,"bw3",3,"H_D = 3 km",11.0129649154481,10.4915895749125,0.521375340535576
"66+","2019-2021",2021,"bw3",3,"H_D = 3 km",11.6353852363876,10.4915895749125,1.14379566147506
"66+","2022-2024",2024,"bw3",3,"H_D = 3 km",10.5898586440997,10.4915895749125,0.0982690691872357
"66+","2007-2009",2009,"bw7",7,"H_D = 7 km",10.0049372498153,11.2004606186319,-1.19552336881655
"66+","2010-2012",2012,"bw7",7,"H_D = 7 km",10.8703593065818,11.2004606186319,-0.330101312050051
"66+","2013-2015",2015,"bw7",7,"H_D = 7 km",10.9871129859867,11.2004606186319,-0.213347632645231
"66+","2016-2018",2018,"bw7",7,"H_D = 7 km",11.7727333478869,11.2004606186319,0.572272729255058
"66+","2019-2021",2021,"bw7",7,"H_D = 7 km",12.2879937642201,11.2004606186319,1.08753314558825
"66+","2022-2024",2024,"bw7",7,"H_D = 7 km",11.2796270573004,11.2004606186319,0.0791664386685191
