"AgeGroup","Period","fraction_away","mean_distance","mean_distance_active","volume","dist_p90","var_distance","fraction_away_baseline","mean_distance_baseline","mean_distance_active_baseline","volume_baseline","dist_p90_baseline","var_distance_baseline","change_fraction_away","change_mean_distance_active","change_volume","pct_change_volume","pct_change_distance","pct_change_fraction_away"
"10-17","2007–2009",0.277856630999365,1.41855492319145,5.13708536216821,34.0453181565947,8.45487808873823,1.59584824960814,0.275149892001444,1.50896074309595,5.58081205537033,36.2150578343029,9.77633932975468,1.91377683286062,0.00270673899792118,-0.443726693202126,-2.16973967770816,-5.99126387602502,-7.95093417946469,0.983732531469419
"10-17","2010–2012",0.272910299835323,1.49790431758019,5.51839031617018,35.9497036219246,9.49575640119012,1.70487541057399,0.275149892001444,1.50896074309595,5.58081205537033,36.2150578343029,9.77633932975468,1.91377683286062,-0.00223959216612069,-0.0624217392001558,-0.26535421237832,-0.732717903123093,-1.11850638546568,-0.813953496339709
"10-17","2013–2015",0.278840609710541,1.52199211239736,5.54507724256344,36.5278106975366,9.04818756631641,1.94489180562134,0.275149892001444,1.50896074309595,5.58081205537033,36.2150578343029,9.77633932975468,1.91377683286062,0.00369071770909724,-0.0357348128068891,0.31275286323374,0.863598961141243,-0.640315646761513,1.34134804933082
"10-17","2016–2018",0.295904887326154,1.64734755173609,5.68295175954948,39.5363412416661,9.10000000000582,2.58397424981009,0.275149892001444,1.50896074309595,5.58081205537033,36.2150578343029,9.77633932975468,1.91377683286062,0.02075499532471,0.102139704179146,3.32128340736323,9.17100125190827,1.83019430086091,7.54315953887456
"10-17","2019–2021",0.255005750354503,1.42119922920248,5.73061483638639,34.1087815008596,9.95397143947234,1.8213662066397,0.275149892001444,1.50896074309595,5.58081205537033,36.2150578343029,9.77633932975468,1.91377683286062,-0.0201441416469412,0.14980278101606,-2.10627633344329,-5.81602366363813,2.68424701512582,-7.3211519366453
"10-17","2022–2024",0.270381173782777,1.54676632446815,5.8707528153843,37.1223917872357,12.6052424828052,1.83170507491049,0.275149892001444,1.50896074309595,5.58081205537033,36.2150578343029,9.77633932975468,1.91377683286062,-0.00476871821866659,0.289940760013962,0.907333952932788,2.50540522973668,5.19531489570511,-1.73313468668981
"18-30","2007–2009",0.300752333367924,3.24783730653114,10.9168152722163,77.9480953567474,11.5235752579957,7.88461853442895,0.282698995845172,3.22486926740981,11.5238120346554,77.3968624178355,14.6088904780047,8.06601832856136,0.0180533375227518,-0.606996762439127,0.551232938911895,0.712216130850373,-5.26732612970181,6.38606354747693
"18-30","2010–2012",0.285865112232359,3.12449178883077,11.0490118719734,74.9878029319386,11.5839523669827,7.52878501212613,0.282698995845172,3.22486926740981,11.5238120346554,77.3968624178355,14.6088904780047,8.06601832856136,0.00316611638718739,-0.47480016268198,-2.40905948589696,-3.11260613239253,-4.12016580324392,1.11996025232485
"18-30","2013–2015",0.287488519583618,3.25686738239149,11.4212861672757,78.1648171773956,13.0727727266252,8.48316859539003,0.282698995845172,3.22486926740981,11.5238120346554,77.3968624178355,14.6088904780047,8.06601832856136,0.00478952373844671,-0.102525867379761,0.767954759560098,0.99222983409096,-0.889687085067303,1.69421321222868
"18-30","2016–2018",0.289800502419241,3.26902320809057,11.370718203779,78.4565569941737,14.4217984136968,7.95762102649165,0.282698995845172,3.22486926740981,11.5238120346554,77.3968624178355,14.6088904780047,8.06601832856136,0.00710150657406944,-0.153093830876434,1.05969457633812,1.36916994208013,-1.3284998958334,2.51203813187889
"18-30","2019–2021",0.264063290230111,3.24991431713199,12.3781453384745,77.9979436111677,23.3917238819664,8.26307822044938,0.282698995845172,3.22486926740981,11.5238120346554,77.3968624178355,14.6088904780047,8.06601832856136,-0.0186357056150607,0.854333303819121,0.601081193332107,0.776622171176789,7.41363449221399,-6.59206643424624
"18-30","2022–2024",0.268224217237777,3.20108160148293,12.0068953542136,76.8259584355903,13.6595202207616,8.27883858248202,0.282698995845172,3.22486926740981,11.5238120346554,77.3968624178355,14.6088904780047,8.06601832856136,-0.0144747786073945,0.483083319558187,-0.57090398224527,-0.737631945805737,4.19204442163249,-5.12020870966306
"31-55","2007–2009",0.293837099264492,3.61624750754383,12.4474913271073,86.7899401810519,12.8773903581108,12.344112403378,0.287699517721774,3.84191602560625,13.5207824069326,92.2059846145499,14.5196452114459,13.8728897988734,0.00613758154271832,-1.07329107982527,-5.416044433498,-5.87385347723228,-7.93808411024314,2.13333049402391
"31-55","2010–2012",0.292695553403444,3.75966294916632,12.9856016424834,90.2319107799916,13.4842005393152,12.9507228597704,0.287699517721774,3.84191602560625,13.5207824069326,92.2059846145499,14.5196452114459,13.8728897988734,0.00499603568167079,-0.535180764449152,-1.97407383455825,-2.14093894535209,-3.95820854401699,1.73654642219537
"31-55","2013–2015",0.29540134647936,3.9508810371862,13.5339592440213,94.8211448924688,13.95715544026,14.6356287896823,0.287699517721774,3.84191602560625,13.5207824069326,92.2059846145499,14.5196452114459,13.8728897988734,0.00770182875758679,0.0131768370887375,2.61516027791892,2.83621533770407,0.0974561729651183,2.67703916175314
"31-55","2016–2018",0.302395187510183,4.12087986642641,13.7923500459867,98.9011167942339,14.6840664990907,15.7215401610492,0.287699517721774,3.84191602560625,13.5207824069326,92.2059846145499,14.5196452114459,13.8728897988734,0.0146956697884097,0.271567639054126,6.69513217968397,7.26106033970759,2.00852014980201,5.10799250022432
"31-55","2019–2021",0.268289365586503,3.73235215972192,14.0677759952768,89.5764518333262,15.0341823361911,13.4396400414353,0.287699517721774,3.84191602560625,13.5207824069326,92.2059846145499,14.5196452114459,13.8728897988734,-0.0194101521352703,0.546993588344202,-2.62953278122372,-2.85180272431989,4.04557644581085,-6.7466752426194
"31-55","2022–2024",0.273578554086658,3.87147263359279,14.2975161867199,92.915343206227,17.0808760957074,14.1456945379252,0.287699517721774,3.84191602560625,13.5207824069326,92.2059846145499,14.5196452114459,13.8728897988734,-0.0141209636351153,0.776733779787355,0.709358591677116,0.769319469492635,5.74473988568217,-4.90823333557734
"56-65","2007–2009",0.211702703924391,2.50395741940198,11.9269463265643,60.0949780656474,12.9118116379376,5.30505025043845,0.226152090630773,2.97930323125455,13.2466306963026,71.5032775501092,14.6758264563985,7.77244812638635,-0.0144493867063814,-1.31968436973833,-11.4082994844618,-15.954932242745,-9.96241534918519,-6.38923419459878
"56-65","2010–2012",0.209998509143117,2.63199145860316,12.6296956425806,63.1677950064758,13.6471867735058,5.85858431815761,0.226152090630773,2.97930323125455,13.2466306963026,71.5032775501092,14.6758264563985,7.77244812638635,-0.0161535814876552,-0.616935053722006,-8.3354825436334,-11.6574831661275,-4.65729790364129,-7.14279555966094
"56-65","2013–2015",0.212899482076141,2.81528909394712,13.3320507039771,67.566938254731,15.6809124586991,6.34693975622186,0.226152090630773,2.97930323125455,13.2466306963026,71.5032775501092,14.6758264563985,7.77244812638635,-0.0132526085546321,0.085420007674502,-3.93633929537827,-5.50511729007066,0.644843278512658,-5.86004246861859
"56-65","2016–2018",0.242931306638924,3.0969121055768,12.8911258176609,74.3258905338432,14.4351292765314,8.20612745232946,0.226152090630773,2.97930323125455,13.2466306963026,71.5032775501092,14.6758264563985,7.77244812638635,0.0167792160081514,-0.355504878641758,2.82261298373393,3.94752951255396,-2.68373812777151,7.4194388216141
"56-65","2019–2021",0.237174746386499,3.26891118392631,13.8867128411291,78.4538684142314,15.8982107567475,9.07040883364147,0.226152090630773,2.97930323125455,13.2466306963026,71.5032775501092,14.6758264563985,7.77244812638635,0.0110226557557265,0.640082144826478,6.9505908641222,9.72066050993433,4.83203736483071,4.87400126392052
"56-65","2022–2024",0.242205795615563,3.55875812607194,14.8132528459037,85.4101950257266,15.4817078349696,11.8475781475293,0.226152090630773,2.97930323125455,13.2466306963026,71.5032775501092,14.6758264563985,7.77244812638635,0.0160537049847907,1.56662214960112,13.9069174756174,19.4493426764549,11.8265707372547,7.09863213734371
"66+","2007–2009",0.0875403845529533,0.847666442291647,9.64541915780949,20.3439946149995,12.3813249019716,0.556903235281123,0.0888082799720869,0.961533323075193,10.8592674113451,23.0767997538046,20.7118837775284,0.736515966318118,-0.00126789541913352,-1.21384825353564,-2.73280513880511,-11.8422188863278,-11.1779939433804,-1.42767703589354
"66+","2010–2012",0.0846983449634382,0.886381688283418,10.5253423758504,21.273160518802,13.2997635661182,0.647312588401277,0.0888082799720869,0.961533323075193,10.8592674113451,23.0767997538046,20.7118837775284,0.736515966318118,-0.00410993500864863,-0.33392503549473,-1.8036392350026,-7.81581178605686,-3.0750235982389,-4.62787367342371
"66+","2013–2015",0.0851548512254446,0.898916745736421,10.6511914539185,21.5740018976741,14.3842795454107,0.643969036898951,0.0888082799720869,0.961533323075193,10.8592674113451,23.0767997538046,20.7118837775284,0.736515966318118,-0.00365342874664223,-0.208075957426619,-1.50279785613052,-6.51215884422084,-1.91611413132007,-4.11383797523219
"66+","2016–2018",0.093943932958283,1.06294973901051,11.4106045884765,25.5107937362522,44.1976365709457,0.955222275920299,0.0888082799720869,0.961533323075193,10.8592674113451,23.0767997538046,20.7118837775284,0.736515966318118,0.00513565298619617,0.551337177131368,2.43399398244754,10.5473636224028,5.07711207622867,5.78285379224814
"66+","2019–2021",0.0890602649722611,1.06772108040819,11.977145259226,25.6253059297965,20.9083296062713,0.831397729148076,0.0888082799720869,0.961533323075193,10.8592674113451,23.0767997538046,20.7118837775284,0.736515966318118,0.000251985000174204,1.11787784788085,2.54850617599191,11.0435857795739,10.2942289340159,0.283740435298831
"66+","2022–2024",0.0924519011601409,1.00556424272098,10.9459016327899,24.1335418253034,19.0999684744528,0.784290932258983,0.0888082799720869,0.961533323075193,10.8592674113451,23.0767997538046,20.7118837775284,0.736515966318118,0.003643621188054,0.0866342214447737,1.05674207149879,4.57924011462883,0.797790662694827,4.10279445700246
