"AgeGroup","Year","n","share_no_trips","avg_distance_km","sd_distance_km","avg_hours_away","sd_hours_away","avg_first_trip_h","sd_first_trip_h","n_trippers","avg_last_trip_h","sd_last_trip_h"
"10-17",2007,1173,0.0707587382779199,13.381525971124,29.1930490813788,8.42047456663825,4.16660713179789,8.44548929663609,2.29311090148451,1090,17.5071559633028,3.09461169351785
"18-30",2007,1238,0.0710823909531502,28.632059743339,39.8379165235466,8.88916262789445,4.80181912300799,9.05739130434783,3.12354071240844,1150,18.626768115942,3.52525914299723
"31-55",2007,3508,0.0909350057012543,35.5417816495845,53.8105358437263,8.54516343595591,4.55505835131334,8.45711821887739,2.74155364075101,3189,17.85706595589,3.11198894367606
"56-65",2007,1442,0.151872399445215,27.7393619319664,51.9960962324806,6.2539990753583,4.81014328331749,9.52303079858272,3.08707491377143,1223,16.896920141728,3.40580266305455
"66+",2007,1257,0.268098647573588,13.7171201393536,30.9099174131037,3.3333465924158,3.75754857731266,11.0585144927536,2.61242843716133,920,15.6128804347826,3.68997330758853
"10-17",2008,1104,0.0742753623188406,12.7015760567147,24.3242782023537,8.61342089371981,4.10890483029046,8.35812133072407,2.12117857725363,1022,17.6626386170907,3.18613349521604
"18-30",2008,1199,0.0809007506255213,30.2983486330008,44.5050298899295,8.69637197664721,4.77119105613345,9.06359649122807,2.95741206206881,1102,18.5254385964912,3.40839771395544
"31-55",2008,3196,0.074468085106383,35.5664987560543,52.2938356234431,8.64119732999583,4.50969633358803,8.41461009691233,2.80723673694899,2958,17.7510761775975,3.14820354702461
"56-65",2008,1326,0.127450980392157,26.1716289708509,43.3808280851694,6.49785067873303,4.74815376120386,9.42070008643042,3.07509389766663,1157,16.8676750216076,3.47183647947352
"66+",2008,1242,0.256843800322061,14.8166183332092,32.3534687862524,3.5503757380569,3.8554164674771,10.9714698447093,2.62424714848124,923,15.7488985193211,3.7255420362224
"10-17",2009,1515,0.0752475247524752,16.0637821714157,29.8070087791305,8.5174697469747,4.23385969733982,8.42481560789912,2.21199786152427,1401,17.6353556983107,3.20635267779764
"18-30",2009,1555,0.084887459807074,27.9699034895317,40.4289043953422,8.67730975348339,4.87191866350056,9.31066994612321,3.24525853479178,1423,18.7929023190443,3.54958012326485
"31-55",2009,4531,0.0715073935113661,36.5616663116374,49.9886957846877,8.69622599867579,4.52790054551131,8.37863481499089,2.66885440420897,4207,17.7445963077411,3.19641617801336
"56-65",2009,1901,0.138874276696476,27.7722829933798,44.8817312358404,6.53246536910398,4.84303919375081,9.38464671146406,3.14064834674409,1637,16.9706068010588,3.5510956634885
"66+",2009,1771,0.251270468661773,17.2197515547059,35.9939791237855,3.48325804630152,3.87179367305164,10.9802664655606,2.64415383385247,1326,15.6324912016088,3.72105605979434
"10-17",2010,2010,0.0840796019900498,14.7680895521903,26.6645594361274,8.21495024875622,4.26512747563933,8.46061922868006,2.34398196496821,1841,17.4296849538294,3.21795233144546
"18-30",2010,1963,0.0957717778909832,28.786138556446,42.3473544904882,8.26544404822551,4.88698507199106,9.23431924882629,3.21019571145036,1775,18.3752018779343,3.51751040888784
"31-55",2010,5704,0.0922159887798037,33.9056837648091,47.71758131399,8.32876051893408,4.57775491750991,8.33751770310287,2.70373283627062,5178,17.5123438908201,3.19154017932756
"56-65",2010,2537,0.165944028379976,27.121245562053,45.9088556309879,6.19507949021154,4.89659951465318,9.25255986137366,2.85201105279631,2116,16.6802142407057,3.54269356345926
"66+",2010,2406,0.278470490440565,14.4454239478082,32.8172146726173,3.26085480742588,3.84287360883216,10.9231950844854,2.61419723048411,1736,15.4425595238095,3.74244811190404
"10-17",2011,1514,0.0911492734478203,12.5726618414641,21.5118596095659,8.08781373844121,4.23791495692693,8.40128391472868,2.27252041958589,1376,17.3002301356589,3.09424362055781
"18-30",2011,1503,0.0785096473719228,27.0286626430354,39.6927501685297,8.43230206254158,4.83973937715409,9.13856799037304,3.15207565263405,1385,18.2892900120337,3.62643605661986
"31-55",2011,4310,0.0758700696055684,34.4703874634825,47.710971027864,8.57058004640371,4.47205994830653,8.31998493597791,2.59285932228206,3983,17.5942003514938,3.17828446027344
"56-65",2011,1917,0.159102764736568,26.238659361525,44.6759998345733,6.3000521648409,4.85740726084109,9.30107526881721,2.92445344912907,1612,16.7931348221671,3.52785821526686
"66+",2011,2078,0.300769971126083,13.9327718982253,33.8737485527379,3.33632499197947,4.00907112260094,10.8086717136958,2.58787141950769,1453,15.5800986464786,3.74826802338644
"10-17",2012,705,0.0836879432624113,13.1515035548426,24.7718479083504,8.21260047281324,4.30965952956422,8.46233230134159,2.42919547561356,646,17.425,3.19238323568995
"18-30",2012,929,0.0678148546824543,30.1502475644531,43.255146442462,8.73541442411195,4.93385764325402,9.35026943802925,3.29643137135021,866,18.7211701308699,3.54338043185185
"31-55",2012,2294,0.0697471665213601,35.5039668515838,48.754716096755,8.78554199360651,4.62332585303682,8.38733989378319,2.74685596645164,2134,17.8315916900968,3.29343929961913
"56-65",2012,915,0.139890710382514,27.7002075889438,45.5137143853024,6.68351548269581,4.88594799503726,9.30156713257094,2.94991296730556,787,17.0721092757306,3.51418462726274
"66+",2012,1029,0.281827016520894,17.3589504675196,35.4830083872473,3.38396501457726,3.83188545944479,10.8968200270636,2.68360713431864,739,15.6087280108254,3.6034940686793
"10-17",2013,668,0.0883233532934132,12.638772487883,26.0413231082385,7.67290419161677,4.06533107185305,8.36535303776683,2.19319978154632,609,16.7816091954023,3.10029418780991
"18-30",2013,912,0.0855263157894737,30.3369188911073,44.8733594426579,7.98528874269006,4.74539179367545,9.05315747402078,3.15010708160304,834,17.7852717825739,3.4020682238929
"31-55",2013,2088,0.0656130268199234,35.7547748665891,50.1586142868134,8.5250159642401,4.52726150516574,8.44490005125577,2.85695847475464,1951,17.5685460447634,3.27176662752511
"56-65",2013,835,0.12814371257485,28.2847305956737,45.4164625728398,6.58343313373253,4.93218671760975,9.22413003663004,3.02057782941244,728,16.7751831501831,3.59266344020173
"66+",2013,946,0.290697674418605,13.8792388826179,29.7710598807196,2.84439746300211,3.46636619846602,11.1676602086438,2.63487325207851,671,15.1777943368107,3.48830436839946
"10-17",2014,710,0.0887323943661972,13.507323940539,24.8410001926806,7.93598591549296,4.04558567384285,8.44925296239052,2.46506391778094,647,17.1579855744462,2.97254995970622
"18-30",2014,947,0.0971488912354805,28.8524498848506,41.8461793688544,8.22657514959521,4.96028827781127,9.22319688109162,3.26413655935323,855,18.3349707602339,3.54735151262927
"31-55",2014,2219,0.0815682739972961,37.4230689385611,52.0585123909263,8.51358720144209,4.56341503904694,8.34682695453059,2.76300434369173,2038,17.6165276414786,3.15040456705136
"56-65",2014,809,0.147095179233622,27.255043299795,45.0133452029852,6.21221672847136,4.86123293482117,9.30966183574879,3.0495992659579,690,16.5932608695652,3.42586223983678
"66+",2014,1006,0.244532803180915,18.0123856887073,37.8539816121483,3.49837640821736,3.88468632624454,10.859649122807,2.53307106210897,760,15.4903947368421,3.69177322804336
"10-17",2015,650,0.08,12.0944307662776,20.3884591685516,8.03530769230769,3.91302198922983,8.31298773690078,2.11299199868894,598,17.0470178372352,2.706872526583
"18-30",2015,834,0.092326139088729,28.0908033831416,42.4685804485697,8.0371103117506,4.87034695904602,9.36580801409071,3.42203148039357,757,18.2204315279612,3.42446073912488
"31-55",2015,2016,0.0625,39.6631498040293,54.9680485074298,8.72949735449735,4.48962838726565,8.36988536155203,2.74463169363847,1890,17.6813492063492,3.2120467479878
"56-65",2015,785,0.119745222929936,28.4372101741445,39.7844982575316,6.51445859872611,4.79902090995454,9.3297153883261,3.34509202799005,691,16.7303666184274,3.3357308470672
"66+",2015,923,0.240520043336945,17.7266847058578,38.739941645735,3.37955940772842,3.65829492231884,11.0350689491203,2.78262903820952,701,15.4849025202092,3.46363579652369
"10-17",2016,580,0.0603448275862069,15.4844482560353,28.448377948549,8.67824712643678,3.94362055163874,8.36422018348624,2.24705101961737,545,17.5997859327217,2.86847893849584
"18-30",2016,895,0.0837988826815642,30.5397318294303,45.5874624427281,8.6280260707635,4.86270838504605,9.10142276422764,3.00281286438079,820,18.5185975609756,3.5132561913275
"31-55",2016,2075,0.0645783132530121,37.843937352016,48.9897612914867,8.8750843373494,4.53478461405654,8.34977674738107,2.85267266945706,1941,17.8375665464537,3.09406157603647
"56-65",2016,799,0.106382978723404,34.0889862339911,54.9497651180132,7.54111389236546,4.92778004543987,8.82633053221289,2.88553133445432,714,17.2651960784314,3.3679830373997
"66+",2016,957,0.227795193312435,15.5785580037829,27.5779693359392,3.6098223615465,3.7287691894982,10.9307622913848,2.69461880348836,739,15.6054578258908,3.61221198314264
"10-17",2017,615,0.0894308943089431,14.2219674609117,24.907033009038,8.31352303523035,4.03644645474839,8.34717261904762,2.32176073057626,560,17.4772023809524,2.78974969306292
"18-30",2017,879,0.0955631399317406,30.6467235115409,47.4268408023066,8.40561243837694,4.79641050781948,9.23522012578616,3.21329570930897,795,18.5289727463312,3.40982366378263
"31-55",2017,2334,0.0672664952870608,40.0731061813976,55.3007380542746,9.13127677806341,4.49719791343152,8.11717194916552,2.62188642958417,2177,17.9069744296432,3.13565169502314
"56-65",2017,930,0.113978494623656,33.7204839207272,52.1026188357466,7.51478494623656,4.80281013083392,8.81017394822006,2.91849210655033,824,17.2916666666667,3.20555263663285
"66+",2017,1171,0.224594363791631,18.4032792125063,36.228289548374,4.12593225163678,4.13081823943152,10.636013215859,2.48338707361826,908,15.9570117474302,3.5335829245344
"10-17",2018,1357,0.10759027266028,15.0595799793909,21.5893685721948,8.05438467207074,4.18520686049804,8.18772364437104,2.19585483570043,1211,17.2131571703826,2.94739302500907
"18-30",2018,1199,0.0942452043369475,28.3249624491272,44.7529303515094,8.16879343897693,4.59921988669623,8.98373235113567,2.9753022185551,1086,18.0025015346839,3.31621150011807
"31-55",2018,2040,0.0901960784313725,37.0737990258599,51.9109585240969,8.63862745098039,4.60848037937713,8.26104525862069,2.66790977482819,1856,17.756088362069,3.1359538736131
"56-65",2018,766,0.12532637075718,30.3861618752083,46.2709231688961,7.21725413402959,4.83848242172618,8.81965174129353,2.9482716081819,670,17.0710199004975,3.37541900374714
"66+",2018,1250,0.2944,15.228679994747,38.2492185891772,3.32349333333333,3.89328412827047,10.8473167044596,2.69403281707901,882,15.5574829931973,3.67252576815269
"10-17",2019,676,0.0931952662721894,13.3772189269674,26.3772037829916,7.97551775147929,3.95223260068157,8.20513866231648,1.97256265214891,613,17.0003262642741,2.71829363089201
"18-30",2019,988,0.107287449392713,27.4444130054479,42.657080643105,7.99072199730094,4.85861975505516,9.05621693121693,3.23844270028395,882,18.0072751322751,3.45923291931911
"31-55",2019,2000,0.0945,36.6341949555902,52.462412020075,8.40876666666667,4.55360510105728,8.2830848518314,2.76253737304786,1811,17.5694091662065,3.04206777203709
"56-65",2019,777,0.136422136422136,31.029240648623,47.0042023679956,7.21001716001716,4.91455988699565,8.80054644808743,2.98541252199554,671,17.1495529061103,3.33847038967857
"66+",2019,1339,0.312920089619119,16.9777968547935,37.0537014426899,3.29948966890714,3.92370398282224,10.9434782608696,2.62123921723765,920,15.7456702898551,3.56303145062044
"10-17",2020,654,0.105504587155963,12.7835168436039,26.5535493140493,7.4941131498471,4.24947761296536,8.71239316239316,2.7646516719523,585,17.0904273504274,2.98775906827974
"18-30",2020,1113,0.106019766397125,26.5647978531824,43.1069597984001,7.54991015274034,5.03736959314873,9.72353433835846,3.50901242391192,995,18.168810720268,3.54483316187927
"31-55",2020,2108,0.0915559772296015,32.5762096946923,45.7119462921671,8.26261859582543,4.70322241294866,8.56536118363795,2.91080912164214,1915,17.6607136640557,3.1830747725523
"56-65",2020,731,0.129958960328317,33.9200958281006,56.0047516863887,7.10412676698586,4.87715998993982,8.97929769392034,3.10009939097095,636,17.1445754716981,3.38382336335691
"66+",2020,1104,0.261775362318841,16.1484058257918,32.2427839287007,3.51083937198068,4.01659958010857,10.9246421267894,2.742252841444,815,15.6804294478528,3.54254393716094
"10-17",2021,524,0.124045801526718,12.9514885384533,27.7085814084716,7.45209923664122,4.41698104194129,8.90686274509804,2.89117485262083,459,17.4142701525054,2.97849852900179
"18-30",2021,879,0.113765642775882,25.2052331431933,40.8819884704427,7.64599924156238,5.02865889280499,9.58451005562687,3.41777267596294,779,18.2120239623449,3.44080852320223
"31-55",2021,1739,0.0799309948246118,31.2103105027211,46.0223441060889,8.15463868123443,4.67915511592466,8.77067708333333,3.12369804327014,1600,17.63375,3.13823712335026
"56-65",2021,641,0.102964118564743,32.896396272393,49.3642779303207,7.26310452418097,4.93777441744401,9.06434782608696,3.26522157392304,575,17.1611304347826,3.47362940121529
"66+",2021,1037,0.257473481195757,16.8091030929493,39.6766841657183,3.68119575699132,4.03341596189642,10.7698051948052,2.50526736635865,770,15.7274675324675,3.63983491608155
"10-17",2022,712,0.106741573033708,13.1745786476027,22.7518615042798,7.77387640449438,4.23908500504148,8.44496855345912,2.43287091907808,636,17.1477987421384,2.93955830369952
"18-30",2022,1203,0.104738154613466,26.8741313906484,47.6481911688634,8.22212524244943,4.93805089901752,9.27831940575673,3.35793817605521,1077,18.4623645930053,3.44711993602162
"31-55",2022,2059,0.107819329771734,33.2373239709261,49.2308662205355,8.20759268253197,4.77742994516749,8.42982217383415,2.86825301774991,1837,17.6292959535475,3.17043232514947
"56-65",2022,895,0.131843575418994,33.1240446857754,51.694682696316,7.31957169459963,4.90981197900647,8.72404547404548,2.90638009946739,777,17.1552123552124,3.3323487057286
"66+",2022,1609,0.268489745183344,14.2670602887693,28.9254967510751,3.6340687797804,3.89083752115806,10.8677428490513,2.51294988284911,1177,15.8356414613424,3.50164550815253
"10-17",2023,713,0.0995792426367461,14.4029172536869,33.5497174636502,7.61213183730715,4.11701224186887,8.52245586708204,2.4457548397619,642,16.9764278296989,2.94660739518221
"18-30",2023,1180,0.121186440677966,27.8992881547991,46.0569171389961,7.58040960451977,4.99481303584526,9.38187078109932,3.37255738922953,1037,18.0076020572163,3.39468828171813
"31-55",2023,2322,0.0973298880275624,33.8318389299784,48.5365411718355,8.10342377260982,4.66612826713594,8.38501908396947,2.91483446389378,2096,17.3621898854962,3.09725984263412
"56-65",2023,1023,0.125122189638319,33.715620572117,50.828543021095,7.0317367220593,4.8366104072534,8.88891992551211,3.07854645051736,895,16.926312849162,3.30946902033728
"66+",2023,1500,0.264666666666667,14.9144333141198,34.0746198870581,3.31084444444444,3.84227343928308,10.8467815049864,2.48419240489249,1103,15.3492898156543,3.5396724928223
"10-17",2024,687,0.104803493449782,13.3493595885376,25.5981699866199,7.8328723920427,4.15966264942631,8.40487804878049,2.29124019495112,615,17.1547696476965,3.04927900324206
"18-30",2024,1201,0.116569525395504,26.7918234896178,40.878357259586,7.71854010546767,4.74041469082674,9.09362236883443,3.25529807801943,1061,17.8306314797361,3.43822360849163
"31-55",2024,2432,0.0974506578947368,34.5380180810638,50.0753697601072,8.09884868421053,4.56442164175871,8.38561123766135,2.7950777017051,2195,17.358914198937,3.08894661963575
"56-65",2024,880,0.115909090909091,29.414818195006,41.9045046317619,7.27823863636364,4.82396391476596,8.92352185089974,3.15043982981528,778,17.1559768637532,3.23255036512069
"66+",2024,1324,0.22583081570997,18.2887310594323,37.8989061375471,3.82229355488419,4.0988813745311,10.8828455284553,2.81300290266299,1025,15.8201300813008,3.72422962071145
